{"credit":"Made by MisterGriimm","texture_size":[128,128],"textures":{"0":"barrels_pack:items/barrel_props_master","particle":"barrels_pack:items/barrel_props_master"},"elements":[{"from":[-12,0,4],"to":[12,24,28],"rotation":{"angle":0,"axis":"y","origin":[0,16,16]},"faces":{"north":{"uv":[10,0,16,6],"texture":"#0"},"east":{"uv":[10,0,16,6],"texture":"#0"},"south":{"uv":[10,0,16,6],"texture":"#0"},"west":{"uv":[10,0,16,6],"texture":"#0"},"up":{"uv":[16,12,10,6],"texture":"#0"},"down":{"uv":[4,12,10,6],"texture":"#0"}}}],"display":{"thirdperson_righthand":{"translation":[-1.75,0.5,0],"scale":[0.25,0.25,0.25]},"thirdperson_lefthand":{"translation":[-1.75,0.5,0],"scale":[0.25,0.25,0.25]},"firstperson_righthand":{"translation":[3,2,0],"scale":[0.4,0.4,0.4]},"firstperson_lefthand":{"translation":[-3,2,0],"scale":[0.4,0.4,0.4]},"ground":{"rotation":[-42.5,11.84,-0.16],"translation":[0,1.5,0],"scale":[0.2,0.2,0.2]},"gui":{"rotation":[35,45,0],"translation":[0,1.25,0],"scale":[0.4,0.4,0.4]}}}
