{
  "textures": {
    "0": "ei:item/model_4",
    "particle": "ei:item/model_4"
  },
  "elements": [
    {
      "from": [
        7.5,
        8,
        8
      ],
      "to": [
        8.5,
        17,
        9
      ],
      "faces": {
        "north": {
          "uv": [
            312,
            8,
            320,
            80
          ],
          "texture": "#0"
        },
        "east": {
          "uv": [
            304,
            8,
            312,
            80
          ],
          "texture": "#0"
        },
        "south": {
          "uv": [
            328,
            8,
            336,
            80
          ],
          "texture": "#0"
        },
        "west": {
          "uv": [
            320,
            8,
            328,
            80
          ],
          "texture": "#0"
        },
        "up": {
          "uv": [
            320,
            8,
            312,
            0
          ],
          "texture": "#0"
        },
        "down": {
          "uv": [
            328,
            0,
            320,
            8
          ],
          "texture": "#0"
        }
      }
    },
    {
      "from": [
        7.5,
        -9,
        8
      ],
      "to": [
        8.5,
        6,
        9
      ],
      "faces": {
        "north": {
          "uv": [
            296,
            296,
            304,
            416
          ],
          "texture": "#0"
        },
        "east": {
          "uv": [
            288,
            296,
            296,
            416
          ],
          "texture": "#0"
        },
        "south": {
          "uv": [
            312,
            296,
            320,
            416
          ],
          "texture": "#0"
        },
        "west": {
          "uv": [
            304,
            296,
            312,
            416
          ],
          "texture": "#0"
        },
        "up": {
          "uv": [
            304,
            296,
            296,
            288
          ],
          "texture": "#0"
        },
        "down": {
          "uv": [
            312,
            288,
            304,
            296
          ],
          "texture": "#0"
        }
      }
    },
    {
      "from": [
        7,
        5.4,
        7.5
      ],
      "to": [
        9,
        6.4,
        9.5
      ],
      "faces": {
        "north": {
          "uv": [
            416,
            48,
            432,
            56
          ],
          "texture": "#0"
        },
        "east": {
          "uv": [
            400,
            48,
            416,
            56
          ],
          "texture": "#0"
        },
        "south": {
          "uv": [
            448,
            48,
            464,
            56
          ],
          "texture": "#0"
        },
        "west": {
          "uv": [
            432,
            48,
            448,
            56
          ],
          "texture": "#0"
        },
        "up": {
          "uv": [
            432,
            48,
            416,
            32
          ],
          "texture": "#0"
        },
        "down": {
          "uv": [
            448,
            32,
            432,
            48
          ],
          "texture": "#0"
        }
      }
    },
    {
      "from": [
        7,
        7.6,
        7.5
      ],
      "to": [
        9,
        8.6,
        9.5
      ],
      "faces": {
        "north": {
          "uv": [
            144,
            416,
            160,
            424
          ],
          "texture": "#0"
        },
        "east": {
          "uv": [
            128,
            416,
            144,
            424
          ],
          "texture": "#0"
        },
        "south": {
          "uv": [
            176,
            416,
            192,
            424
          ],
          "texture": "#0"
        },
        "west": {
          "uv": [
            160,
            416,
            176,
            424
          ],
          "texture": "#0"
        },
        "up": {
          "uv": [
            160,
            416,
            144,
            400
          ],
          "texture": "#0"
        },
        "down": {
          "uv": [
            176,
            400,
            160,
            416
          ],
          "texture": "#0"
        }
      }
    },
    {
      "from": [
        8,
        6,
        7
      ],
      "to": [
        8,
        8,
        10
      ],
      "faces": {
        "north": {
          "uv": [
            216,
            424,
            216,
            440
          ],
          "texture": "#0"
        },
        "east": {
          "uv": [
            192,
            424,
            216,
            440
          ],
          "texture": "#0"
        },
        "south": {
          "uv": [
            240,
            424,
            240,
            440
          ],
          "texture": "#0"
        },
        "west": {
          "uv": [
            216,
            424,
            240,
            440
          ],
          "texture": "#0"
        },
        "up": {
          "uv": [
            216,
            424,
            216,
            400
          ],
          "texture": "#0"
        },
        "down": {
          "uv": [
            216,
            400,
            216,
            424
          ],
          "texture": "#0"
        }
      }
    },
    {
      "from": [
        6.5,
        6,
        8.5
      ],
      "to": [
        9.5,
        8,
        8.5
      ],
      "faces": {
        "north": {
          "uv": [
            160,
            144,
            184,
            160
          ],
          "texture": "#0"
        },
        "east": {
          "uv": [
            160,
            144,
            160,
            160
          ],
          "texture": "#0"
        },
        "south": {
          "uv": [
            184,
            144,
            208,
            160
          ],
          "texture": "#0"
        },
        "west": {
          "uv": [
            184,
            144,
            184,
            160
          ],
          "texture": "#0"
        },
        "up": {
          "uv": [
            184,
            144,
            160,
            144
          ],
          "texture": "#0"
        },
        "down": {
          "uv": [
            208,
            144,
            184,
            144
          ],
          "texture": "#0"
        }
      }
    },
    {
      "from": [
        7.7,
        -11,
        10
      ],
      "to": [
        8.3,
        -10,
        11
      ],
      "faces": {
        "north": {
          "uv": [
            384,
            128,
            389,
            136
          ],
          "texture": "#0"
        },
        "east": {
          "uv": [
            272,
            144,
            280,
            152
          ],
          "texture": "#0"
        },
        "south": {
          "uv": [
            384,
            136,
            389,
            144
          ],
          "texture": "#0"
        },
        "west": {
          "uv": [
            272,
            152,
            280,
            160
          ],
          "texture": "#0"
        },
        "up": {
          "uv": [
            397,
            136,
            392,
            128
          ],
          "texture": "#0"
        },
        "down": {
          "uv": [
            397,
            136,
            392,
            144
          ],
          "texture": "#0"
        }
      }
    },
    {
      "from": [
        7.65,
        -11,
        11.25
      ],
      "to": [
        8.35,
        -10,
        12.25
      ],
      "faces": {
        "north": {
          "uv": [
            368,
            128,
            374,
            136
          ],
          "texture": "#0"
        },
        "east": {
          "uv": [
            280,
            144,
            288,
            152
          ],
          "texture": "#0"
        },
        "south": {
          "uv": [
            368,
            136,
            374,
            144
          ],
          "texture": "#0"
        },
        "west": {
          "uv": [
            280,
            152,
            288,
            160
          ],
          "texture": "#0"
        },
        "up": {
          "uv": [
            382,
            136,
            376,
            128
          ],
          "texture": "#0"
        },
        "down": {
          "uv": [
            382,
            136,
            376,
            144
          ],
          "texture": "#0"
        }
      }
    },
    {
      "from": [
        8,
        -13,
        9
      ],
      "to": [
        8,
        -8,
        13
      ],
      "faces": {
        "north": {
          "uv": [
            32,
            336,
            32,
            376
          ],
          "texture": "#0"
        },
        "east": {
          "uv": [
            0,
            336,
            32,
            376
          ],
          "texture": "#0"
        },
        "south": {
          "uv": [
            64,
            336,
            64,
            376
          ],
          "texture": "#0"
        },
        "west": {
          "uv": [
            32,
            336,
            64,
            376
          ],
          "texture": "#0"
        },
        "up": {
          "uv": [
            32,
            336,
            32,
            304
          ],
          "texture": "#0"
        },
        "down": {
          "uv": [
            32,
            304,
            32,
            336
          ],
          "texture": "#0"
        }
      }
    },
    {
      "from": [
        7,
        -8.57107,
        0.42893
      ],
      "to": [
        9,
        -6.57107,
        2.42893
      ],
      "faces": {
        "north": {
          "uv": [
            320,
            96,
            336,
            112
          ],
          "texture": "#0"
        },
        "east": {
          "uv": [
            304,
            96,
            320,
            112
          ],
          "texture": "#0"
        },
        "south": {
          "uv": [
            352,
            96,
            368,
            112
          ],
          "texture": "#0"
        },
        "west": {
          "uv": [
            336,
            96,
            352,
            112
          ],
          "texture": "#0"
        },
        "up": {
          "uv": [
            336,
            96,
            320,
            80
          ],
          "texture": "#0"
        },
        "down": {
          "uv": [
            352,
            80,
            336,
            96
          ],
          "texture": "#0"
        }
      },
      "rotation": {
        "angle": -45,
        "axis": "x",
        "origin": [
          8,
          -0.5,
          8.5
        ]
      }
    },
    {
      "from": [
        6.8,
        -10.07107,
        0.42893
      ],
      "to": [
        9.2,
        -8.07107,
        2.42893
      ],
      "faces": {
        "north": {
          "uv": [
            320,
            128,
            336,
            144
          ],
          "texture": "#0"
        },
        "east": {
          "uv": [
            304,
            128,
            320,
            144
          ],
          "texture": "#0"
        },
        "south": {
          "uv": [
            352,
            128,
            368,
            144
          ],
          "texture": "#0"
        },
        "west": {
          "uv": [
            336,
            128,
            352,
            144
          ],
          "texture": "#0"
        },
        "up": {
          "uv": [
            336,
            128,
            320,
            112
          ],
          "texture": "#0"
        },
        "down": {
          "uv": [
            352,
            112,
            336,
            128
          ],
          "texture": "#0"
        }
      },
      "rotation": {
        "angle": -45,
        "axis": "x",
        "origin": [
          8.2,
          -2,
          8.5
        ]
      }
    },
    {
      "from": [
        6.8,
        -6.67107,
        0.42893
      ],
      "to": [
        9.2,
        -4.67107,
        2.42893
      ],
      "faces": {
        "north": {
          "uv": [
            144,
            320,
            160,
            336
          ],
          "texture": "#0"
        },
        "east": {
          "uv": [
            128,
            320,
            144,
            336
          ],
          "texture": "#0"
        },
        "south": {
          "uv": [
            176,
            320,
            192,
            336
          ],
          "texture": "#0"
        },
        "west": {
          "uv": [
            160,
            320,
            176,
            336
          ],
          "texture": "#0"
        },
        "up": {
          "uv": [
            160,
            320,
            144,
            304
          ],
          "texture": "#0"
        },
        "down": {
          "uv": [
            176,
            304,
            160,
            320
          ],
          "texture": "#0"
        }
      },
      "rotation": {
        "angle": -45,
        "axis": "x",
        "origin": [
          8.2,
          1.4,
          8.5
        ]
      }
    },
    {
      "from": [
        7,
        -12.3,
        7.5
      ],
      "to": [
        9,
        -8.3,
        9.5
      ],
      "faces": {
        "north": {
          "uv": [
            80,
            320,
            96,
            352
          ],
          "texture": "#0"
        },
        "east": {
          "uv": [
            64,
            320,
            80,
            352
          ],
          "texture": "#0"
        },
        "south": {
          "uv": [
            112,
            320,
            128,
            352
          ],
          "texture": "#0"
        },
        "west": {
          "uv": [
            96,
            320,
            112,
            352
          ],
          "texture": "#0"
        },
        "up": {
          "uv": [
            96,
            320,
            80,
            304
          ],
          "texture": "#0"
        },
        "down": {
          "uv": [
            112,
            304,
            96,
            320
          ],
          "texture": "#0"
        }
      }
    },
    {
      "from": [
        14.57107,
        25.23093,
        7.86
      ],
      "to": [
        15.57107,
        26.23093,
        9.14
      ],
      "faces": {
        "north": {
          "uv": [
            216,
            152,
            224,
            160
          ],
          "texture": "#0"
        },
        "east": {
          "uv": [
            208,
            152,
            216,
            160
          ],
          "texture": "#0"
        },
        "south": {
          "uv": [
            232,
            152,
            240,
            160
          ],
          "texture": "#0"
        },
        "west": {
          "uv": [
            224,
            152,
            232,
            160
          ],
          "texture": "#0"
        },
        "up": {
          "uv": [
            224,
            152,
            216,
            144
          ],
          "texture": "#0"
        },
        "down": {
          "uv": [
            232,
            144,
            224,
            152
          ],
          "texture": "#0"
        }
      },
      "rotation": {
        "angle": -45,
        "axis": "z",
        "origin": [
          8,
          32.8,
          8.4
        ]
      }
    },
    {
      "from": [
        7.5,
        20.5,
        8
      ],
      "to": [
        8.5,
        22.8,
        9
      ],
      "faces": {
        "north": {
          "uv": [
            264,
            312,
            272,
            328
          ],
          "texture": "#0"
        },
        "east": {
          "uv": [
            256,
            312,
            264,
            328
          ],
          "texture": "#0"
        },
        "south": {
          "uv": [
            280,
            312,
            288,
            328
          ],
          "texture": "#0"
        },
        "west": {
          "uv": [
            272,
            312,
            280,
            328
          ],
          "texture": "#0"
        },
        "up": {
          "uv": [
            272,
            312,
            264,
            304
          ],
          "texture": "#0"
        },
        "down": {
          "uv": [
            280,
            304,
            272,
            312
          ],
          "texture": "#0"
        }
      }
    },
    {
      "from": [
        7,
        16,
        7.5
      ],
      "to": [
        9,
        18,
        9.5
      ],
      "faces": {
        "north": {
          "uv": [
            208,
            320,
            224,
            336
          ],
          "texture": "#0"
        },
        "east": {
          "uv": [
            192,
            320,
            208,
            336
          ],
          "texture": "#0"
        },
        "south": {
          "uv": [
            240,
            320,
            256,
            336
          ],
          "texture": "#0"
        },
        "west": {
          "uv": [
            224,
            320,
            240,
            336
          ],
          "texture": "#0"
        },
        "up": {
          "uv": [
            224,
            320,
            208,
            304
          ],
          "texture": "#0"
        },
        "down": {
          "uv": [
            240,
            304,
            224,
            320
          ],
          "texture": "#0"
        }
      }
    },
    {
      "from": [
        7,
        19.4,
        7.5
      ],
      "to": [
        9,
        21.4,
        9.5
      ],
      "faces": {
        "north": {
          "uv": [
            336,
            304,
            352,
            320
          ],
          "texture": "#0"
        },
        "east": {
          "uv": [
            320,
            304,
            336,
            320
          ],
          "texture": "#0"
        },
        "south": {
          "uv": [
            368,
            304,
            384,
            320
          ],
          "texture": "#0"
        },
        "west": {
          "uv": [
            352,
            304,
            368,
            320
          ],
          "texture": "#0"
        },
        "up": {
          "uv": [
            352,
            304,
            336,
            288
          ],
          "texture": "#0"
        },
        "down": {
          "uv": [
            368,
            288,
            352,
            304
          ],
          "texture": "#0"
        }
      }
    },
    {
      "from": [
        6.8,
        18.22893,
        0.42893
      ],
      "to": [
        9.2,
        20.22893,
        2.42893
      ],
      "faces": {
        "north": {
          "uv": [
            336,
            336,
            352,
            352
          ],
          "texture": "#0"
        },
        "east": {
          "uv": [
            320,
            336,
            336,
            352
          ],
          "texture": "#0"
        },
        "south": {
          "uv": [
            368,
            336,
            384,
            352
          ],
          "texture": "#0"
        },
        "west": {
          "uv": [
            352,
            336,
            368,
            352
          ],
          "texture": "#0"
        },
        "up": {
          "uv": [
            352,
            336,
            336,
            320
          ],
          "texture": "#0"
        },
        "down": {
          "uv": [
            368,
            320,
            352,
            336
          ],
          "texture": "#0"
        }
      },
      "rotation": {
        "angle": -45,
        "axis": "x",
        "origin": [
          8.2,
          26.3,
          8.5
        ]
      }
    },
    {
      "from": [
        6.9,
        24.12893,
        0.42893
      ],
      "to": [
        9.1,
        26.12893,
        2.42893
      ],
      "faces": {
        "north": {
          "uv": [
            352,
            16,
            368,
            32
          ],
          "texture": "#0"
        },
        "east": {
          "uv": [
            336,
            16,
            352,
            32
          ],
          "texture": "#0"
        },
        "south": {
          "uv": [
            384,
            16,
            400,
            32
          ],
          "texture": "#0"
        },
        "west": {
          "uv": [
            368,
            16,
            384,
            32
          ],
          "texture": "#0"
        },
        "up": {
          "uv": [
            368,
            16,
            352,
            0
          ],
          "texture": "#0"
        },
        "down": {
          "uv": [
            384,
            0,
            368,
            16
          ],
          "texture": "#0"
        }
      },
      "rotation": {
        "angle": -45,
        "axis": "x",
        "origin": [
          8.2,
          32.2,
          8.5
        ]
      }
    },
    {
      "from": [
        12.66406,
        21.00874,
        8
      ],
      "to": [
        13.66406,
        23.00874,
        9
      ],
      "faces": {
        "north": {
          "uv": [
            264,
            336,
            272,
            352
          ],
          "texture": "#0"
        },
        "east": {
          "uv": [
            256,
            336,
            264,
            352
          ],
          "texture": "#0"
        },
        "south": {
          "uv": [
            280,
            336,
            288,
            352
          ],
          "texture": "#0"
        },
        "west": {
          "uv": [
            272,
            336,
            280,
            352
          ],
          "texture": "#0"
        },
        "up": {
          "uv": [
            272,
            336,
            264,
            328
          ],
          "texture": "#0"
        },
        "down": {
          "uv": [
            280,
            328,
            272,
            336
          ],
          "texture": "#0"
        }
      },
      "rotation": {
        "angle": -34.5,
        "axis": "z",
        "origin": [
          7.51748,
          30.10686,
          8.5
        ]
      }
    },
    {
      "from": [
        2.55342,
        21.0656,
        8
      ],
      "to": [
        3.55342,
        23.0656,
        9
      ],
      "faces": {
        "north": {
          "uv": [
            264,
            360,
            272,
            376
          ],
          "texture": "#0"
        },
        "east": {
          "uv": [
            256,
            360,
            264,
            376
          ],
          "texture": "#0"
        },
        "south": {
          "uv": [
            280,
            360,
            288,
            376
          ],
          "texture": "#0"
        },
        "west": {
          "uv": [
            272,
            360,
            280,
            376
          ],
          "texture": "#0"
        },
        "up": {
          "uv": [
            272,
            360,
            264,
            352
          ],
          "texture": "#0"
        },
        "down": {
          "uv": [
            280,
            352,
            272,
            360
          ],
          "texture": "#0"
        }
      },
      "rotation": {
        "angle": 34.5,
        "axis": "z",
        "origin": [
          8.71748,
          29.80686,
          8.5
        ]
      }
    },
    {
      "from": [
        9.85048,
        18.13714,
        8
      ],
      "to": [
        10.85048,
        20.13714,
        9
      ],
      "faces": {
        "north": {
          "uv": [
            264,
            384,
            272,
            400
          ],
          "texture": "#0"
        },
        "east": {
          "uv": [
            256,
            384,
            264,
            400
          ],
          "texture": "#0"
        },
        "south": {
          "uv": [
            280,
            384,
            288,
            400
          ],
          "texture": "#0"
        },
        "west": {
          "uv": [
            272,
            384,
            280,
            400
          ],
          "texture": "#0"
        },
        "up": {
          "uv": [
            272,
            384,
            264,
            376
          ],
          "texture": "#0"
        },
        "down": {
          "uv": [
            280,
            376,
            272,
            384
          ],
          "texture": "#0"
        }
      },
      "rotation": {
        "angle": -9.5,
        "axis": "z",
        "origin": [
          8.7,
          29,
          8.5
        ]
      }
    },
    {
      "from": [
        5.14952,
        18.13714,
        8
      ],
      "to": [
        6.14952,
        20.13714,
        9
      ],
      "faces": {
        "north": {
          "uv": [
            248,
            408,
            256,
            424
          ],
          "texture": "#0"
        },
        "east": {
          "uv": [
            240,
            408,
            248,
            424
          ],
          "texture": "#0"
        },
        "south": {
          "uv": [
            264,
            408,
            272,
            424
          ],
          "texture": "#0"
        },
        "west": {
          "uv": [
            256,
            408,
            264,
            424
          ],
          "texture": "#0"
        },
        "up": {
          "uv": [
            256,
            408,
            248,
            400
          ],
          "texture": "#0"
        },
        "down": {
          "uv": [
            264,
            400,
            256,
            408
          ],
          "texture": "#0"
        }
      },
      "rotation": {
        "angle": 9.5,
        "axis": "z",
        "origin": [
          7.3,
          29,
          8.5
        ]
      }
    },
    {
      "from": [
        7.5,
        18.13714,
        10.35048
      ],
      "to": [
        8.5,
        20.13714,
        11.35048
      ],
      "faces": {
        "north": {
          "uv": [
            280,
            424,
            288,
            440
          ],
          "texture": "#0"
        },
        "east": {
          "uv": [
            272,
            424,
            280,
            440
          ],
          "texture": "#0"
        },
        "south": {
          "uv": [
            296,
            424,
            304,
            440
          ],
          "texture": "#0"
        },
        "west": {
          "uv": [
            288,
            424,
            296,
            440
          ],
          "texture": "#0"
        },
        "up": {
          "uv": [
            288,
            424,
            280,
            416
          ],
          "texture": "#0"
        },
        "down": {
          "uv": [
            296,
            416,
            288,
            424
          ],
          "texture": "#0"
        }
      },
      "rotation": {
        "angle": 9.5,
        "axis": "x",
        "origin": [
          8,
          29,
          9.2
        ]
      }
    },
    {
      "from": [
        7.5,
        20.16806,
        4.92317
      ],
      "to": [
        8.5,
        21.16806,
        5.92317
      ],
      "faces": {
        "north": {
          "uv": [
            248,
            152,
            256,
            160
          ],
          "texture": "#0"
        },
        "east": {
          "uv": [
            240,
            152,
            248,
            160
          ],
          "texture": "#0"
        },
        "south": {
          "uv": [
            264,
            152,
            272,
            160
          ],
          "texture": "#0"
        },
        "west": {
          "uv": [
            256,
            152,
            264,
            160
          ],
          "texture": "#0"
        },
        "up": {
          "uv": [
            256,
            152,
            248,
            144
          ],
          "texture": "#0"
        },
        "down": {
          "uv": [
            264,
            144,
            256,
            152
          ],
          "texture": "#0"
        }
      },
      "rotation": {
        "angle": -22.5,
        "axis": "x",
        "origin": [
          8,
          29.90686,
          9.28252
        ]
      }
    },
    {
      "from": [
        7.5,
        19.98045,
        10.59807
      ],
      "to": [
        8.5,
        20.98045,
        11.59807
      ],
      "faces": {
        "north": {
          "uv": [
            344,
            72,
            352,
            80
          ],
          "texture": "#0"
        },
        "east": {
          "uv": [
            336,
            72,
            344,
            80
          ],
          "texture": "#0"
        },
        "south": {
          "uv": [
            360,
            72,
            368,
            80
          ],
          "texture": "#0"
        },
        "west": {
          "uv": [
            352,
            72,
            360,
            80
          ],
          "texture": "#0"
        },
        "up": {
          "uv": [
            352,
            72,
            344,
            64
          ],
          "texture": "#0"
        },
        "down": {
          "uv": [
            360,
            64,
            352,
            72
          ],
          "texture": "#0"
        }
      },
      "rotation": {
        "angle": 19.5,
        "axis": "x",
        "origin": [
          8,
          29.90686,
          7.78252
        ]
      }
    },
    {
      "from": [
        7.5,
        18.13714,
        5.64952
      ],
      "to": [
        8.5,
        20.13714,
        6.64952
      ],
      "faces": {
        "north": {
          "uv": [
            312,
            424,
            320,
            440
          ],
          "texture": "#0"
        },
        "east": {
          "uv": [
            304,
            424,
            312,
            440
          ],
          "texture": "#0"
        },
        "south": {
          "uv": [
            328,
            424,
            336,
            440
          ],
          "texture": "#0"
        },
        "west": {
          "uv": [
            320,
            424,
            328,
            440
          ],
          "texture": "#0"
        },
        "up": {
          "uv": [
            320,
            424,
            312,
            416
          ],
          "texture": "#0"
        },
        "down": {
          "uv": [
            328,
            416,
            320,
            424
          ],
          "texture": "#0"
        }
      },
      "rotation": {
        "angle": -9.5,
        "axis": "x",
        "origin": [
          8,
          29,
          7.8
        ]
      }
    },
    {
      "from": [
        7,
        17.5,
        7.5
      ],
      "to": [
        9,
        18.5,
        9.5
      ],
      "faces": {
        "north": {
          "uv": [
            16,
            424,
            32,
            432
          ],
          "texture": "#0"
        },
        "east": {
          "uv": [
            0,
            424,
            16,
            432
          ],
          "texture": "#0"
        },
        "south": {
          "uv": [
            48,
            424,
            64,
            432
          ],
          "texture": "#0"
        },
        "west": {
          "uv": [
            32,
            424,
            48,
            432
          ],
          "texture": "#0"
        },
        "up": {
          "uv": [
            32,
            424,
            16,
            408
          ],
          "texture": "#0"
        },
        "down": {
          "uv": [
            48,
            408,
            32,
            424
          ],
          "texture": "#0"
        }
      }
    },
    {
      "from": [
        7,
        19.3,
        7.5
      ],
      "to": [
        9,
        20.3,
        9.5
      ],
      "faces": {
        "north": {
          "uv": [
            80,
            432,
            96,
            440
          ],
          "texture": "#0"
        },
        "east": {
          "uv": [
            64,
            432,
            80,
            440
          ],
          "texture": "#0"
        },
        "south": {
          "uv": [
            112,
            432,
            128,
            440
          ],
          "texture": "#0"
        },
        "west": {
          "uv": [
            96,
            432,
            112,
            440
          ],
          "texture": "#0"
        },
        "up": {
          "uv": [
            96,
            432,
            80,
            416
          ],
          "texture": "#0"
        },
        "down": {
          "uv": [
            112,
            416,
            96,
            432
          ],
          "texture": "#0"
        }
      }
    },
    {
      "from": [
        7,
        19.9,
        8.4
      ],
      "to": [
        9,
        21.9,
        10.4
      ],
      "faces": {
        "north": {
          "uv": [
            352,
            48,
            368,
            64
          ],
          "texture": "#0"
        },
        "east": {
          "uv": [
            336,
            48,
            352,
            64
          ],
          "texture": "#0"
        },
        "south": {
          "uv": [
            384,
            48,
            400,
            64
          ],
          "texture": "#0"
        },
        "west": {
          "uv": [
            368,
            48,
            384,
            64
          ],
          "texture": "#0"
        },
        "up": {
          "uv": [
            368,
            48,
            352,
            32
          ],
          "texture": "#0"
        },
        "down": {
          "uv": [
            384,
            32,
            368,
            48
          ],
          "texture": "#0"
        }
      },
      "rotation": {
        "angle": 57,
        "axis": "x",
        "origin": [
          8,
          20.9,
          9.4
        ]
      }
    },
    {
      "from": [
        7,
        20.3,
        9.1
      ],
      "to": [
        9,
        22.3,
        11.1
      ],
      "faces": {
        "north": {
          "uv": [
            144,
            352,
            160,
            368
          ],
          "texture": "#0"
        },
        "east": {
          "uv": [
            128,
            352,
            144,
            368
          ],
          "texture": "#0"
        },
        "south": {
          "uv": [
            176,
            352,
            192,
            368
          ],
          "texture": "#0"
        },
        "west": {
          "uv": [
            160,
            352,
            176,
            368
          ],
          "texture": "#0"
        },
        "up": {
          "uv": [
            160,
            352,
            144,
            336
          ],
          "texture": "#0"
        },
        "down": {
          "uv": [
            176,
            336,
            160,
            352
          ],
          "texture": "#0"
        }
      },
      "rotation": {
        "angle": -1,
        "axis": "x",
        "origin": [
          8,
          21.3,
          10.1
        ]
      }
    },
    {
      "from": [
        7,
        20.2,
        9.6
      ],
      "to": [
        9,
        22.2,
        11.6
      ],
      "faces": {
        "north": {
          "uv": [
            208,
            352,
            224,
            368
          ],
          "texture": "#0"
        },
        "east": {
          "uv": [
            192,
            352,
            208,
            368
          ],
          "texture": "#0"
        },
        "south": {
          "uv": [
            240,
            352,
            256,
            368
          ],
          "texture": "#0"
        },
        "west": {
          "uv": [
            224,
            352,
            240,
            368
          ],
          "texture": "#0"
        },
        "up": {
          "uv": [
            224,
            352,
            208,
            336
          ],
          "texture": "#0"
        },
        "down": {
          "uv": [
            240,
            336,
            224,
            352
          ],
          "texture": "#0"
        }
      },
      "rotation": {
        "angle": 126,
        "axis": "x",
        "origin": [
          8,
          21.2,
          10.6
        ]
      }
    },
    {
      "from": [
        7,
        19.9,
        10
      ],
      "to": [
        9,
        21.9,
        12
      ],
      "faces": {
        "north": {
          "uv": [
            80,
            368,
            96,
            384
          ],
          "texture": "#0"
        },
        "east": {
          "uv": [
            64,
            368,
            80,
            384
          ],
          "texture": "#0"
        },
        "south": {
          "uv": [
            112,
            368,
            128,
            384
          ],
          "texture": "#0"
        },
        "west": {
          "uv": [
            96,
            368,
            112,
            384
          ],
          "texture": "#0"
        },
        "up": {
          "uv": [
            96,
            368,
            80,
            352
          ],
          "texture": "#0"
        },
        "down": {
          "uv": [
            112,
            352,
            96,
            368
          ],
          "texture": "#0"
        }
      },
      "rotation": {
        "angle": 146,
        "axis": "x",
        "origin": [
          8,
          20.9,
          11
        ]
      }
    },
    {
      "from": [
        7,
        19.6,
        10.2
      ],
      "to": [
        9,
        21.6,
        12.2
      ],
      "faces": {
        "north": {
          "uv": [
            336,
            368,
            352,
            384
          ],
          "texture": "#0"
        },
        "east": {
          "uv": [
            320,
            368,
            336,
            384
          ],
          "texture": "#0"
        },
        "south": {
          "uv": [
            368,
            368,
            384,
            384
          ],
          "texture": "#0"
        },
        "west": {
          "uv": [
            352,
            368,
            368,
            384
          ],
          "texture": "#0"
        },
        "up": {
          "uv": [
            352,
            368,
            336,
            352
          ],
          "texture": "#0"
        },
        "down": {
          "uv": [
            368,
            352,
            352,
            368
          ],
          "texture": "#0"
        }
      },
      "rotation": {
        "angle": 171,
        "axis": "x",
        "origin": [
          8,
          20.6,
          11.2
        ]
      }
    },
    {
      "from": [
        7,
        20.8,
        9.2
      ],
      "to": [
        9,
        22.8,
        11.2
      ],
      "faces": {
        "north": {
          "uv": [
            384,
            80,
            400,
            96
          ],
          "texture": "#0"
        },
        "east": {
          "uv": [
            368,
            80,
            384,
            96
          ],
          "texture": "#0"
        },
        "south": {
          "uv": [
            416,
            80,
            432,
            96
          ],
          "texture": "#0"
        },
        "west": {
          "uv": [
            400,
            80,
            416,
            96
          ],
          "texture": "#0"
        },
        "up": {
          "uv": [
            400,
            80,
            384,
            64
          ],
          "texture": "#0"
        },
        "down": {
          "uv": [
            416,
            64,
            400,
            80
          ],
          "texture": "#0"
        }
      },
      "rotation": {
        "angle": 44,
        "axis": "x",
        "origin": [
          8,
          21.8,
          10.2
        ]
      }
    },
    {
      "from": [
        7,
        21.1,
        9.6
      ],
      "to": [
        9,
        23.1,
        11.6
      ],
      "faces": {
        "north": {
          "uv": [
            384,
            112,
            400,
            128
          ],
          "texture": "#0"
        },
        "east": {
          "uv": [
            368,
            112,
            384,
            128
          ],
          "texture": "#0"
        },
        "south": {
          "uv": [
            416,
            112,
            432,
            128
          ],
          "texture": "#0"
        },
        "west": {
          "uv": [
            400,
            112,
            416,
            128
          ],
          "texture": "#0"
        },
        "up": {
          "uv": [
            400,
            112,
            384,
            96
          ],
          "texture": "#0"
        },
        "down": {
          "uv": [
            416,
            96,
            400,
            112
          ],
          "texture": "#0"
        }
      },
      "rotation": {
        "angle": 163,
        "axis": "x",
        "origin": [
          8,
          22.1,
          10.6
        ]
      }
    },
    {
      "from": [
        7,
        21.15076,
        9.99132
      ],
      "to": [
        9,
        23.15076,
        11.99132
      ],
      "faces": {
        "north": {
          "uv": [
            144,
            384,
            160,
            400
          ],
          "texture": "#0"
        },
        "east": {
          "uv": [
            128,
            384,
            144,
            400
          ],
          "texture": "#0"
        },
        "south": {
          "uv": [
            176,
            384,
            192,
            400
          ],
          "texture": "#0"
        },
        "west": {
          "uv": [
            160,
            384,
            176,
            400
          ],
          "texture": "#0"
        },
        "up": {
          "uv": [
            160,
            384,
            144,
            368
          ],
          "texture": "#0"
        },
        "down": {
          "uv": [
            176,
            368,
            160,
            384
          ],
          "texture": "#0"
        }
      },
      "rotation": {
        "angle": -170,
        "axis": "x",
        "origin": [
          8,
          22.15076,
          10.99132
        ]
      }
    },
    {
      "from": [
        7,
        19.9,
        6.57717
      ],
      "to": [
        9,
        21.9,
        8.57717
      ],
      "faces": {
        "north": {
          "uv": [
            208,
            384,
            224,
            400
          ],
          "texture": "#0"
        },
        "east": {
          "uv": [
            192,
            384,
            208,
            400
          ],
          "texture": "#0"
        },
        "south": {
          "uv": [
            240,
            384,
            256,
            400
          ],
          "texture": "#0"
        },
        "west": {
          "uv": [
            224,
            384,
            240,
            400
          ],
          "texture": "#0"
        },
        "up": {
          "uv": [
            224,
            384,
            208,
            368
          ],
          "texture": "#0"
        },
        "down": {
          "uv": [
            240,
            368,
            224,
            384
          ],
          "texture": "#0"
        }
      },
      "rotation": {
        "x": 57,
        "y": -180,
        "z": 0,
        "origin": [
          8,
          20.9,
          7.57717
        ]
      }
    },
    {
      "from": [
        7,
        20.3,
        5.87717
      ],
      "to": [
        9,
        22.3,
        7.87717
      ],
      "faces": {
        "north": {
          "uv": [
            16,
            392,
            32,
            408
          ],
          "texture": "#0"
        },
        "east": {
          "uv": [
            0,
            392,
            16,
            408
          ],
          "texture": "#0"
        },
        "south": {
          "uv": [
            48,
            392,
            64,
            408
          ],
          "texture": "#0"
        },
        "west": {
          "uv": [
            32,
            392,
            48,
            408
          ],
          "texture": "#0"
        },
        "up": {
          "uv": [
            32,
            392,
            16,
            376
          ],
          "texture": "#0"
        },
        "down": {
          "uv": [
            48,
            376,
            32,
            392
          ],
          "texture": "#0"
        }
      },
      "rotation": {
        "x": -1,
        "y": -180,
        "z": 0,
        "origin": [
          8,
          21.3,
          6.87717
        ]
      }
    },
    {
      "from": [
        7,
        20.2,
        5.37717
      ],
      "to": [
        9,
        22.2,
        7.37717
      ],
      "faces": {
        "north": {
          "uv": [
            80,
            400,
            96,
            416
          ],
          "texture": "#0"
        },
        "east": {
          "uv": [
            64,
            400,
            80,
            416
          ],
          "texture": "#0"
        },
        "south": {
          "uv": [
            112,
            400,
            128,
            416
          ],
          "texture": "#0"
        },
        "west": {
          "uv": [
            96,
            400,
            112,
            416
          ],
          "texture": "#0"
        },
        "up": {
          "uv": [
            96,
            400,
            80,
            384
          ],
          "texture": "#0"
        },
        "down": {
          "uv": [
            112,
            384,
            96,
            400
          ],
          "texture": "#0"
        }
      },
      "rotation": {
        "x": 126,
        "y": -180,
        "z": 0,
        "origin": [
          8,
          21.2,
          6.37717
        ]
      }
    },
    {
      "from": [
        7,
        19.9,
        4.97717
      ],
      "to": [
        9,
        21.9,
        6.97717
      ],
      "faces": {
        "north": {
          "uv": [
            400,
            304,
            416,
            320
          ],
          "texture": "#0"
        },
        "east": {
          "uv": [
            384,
            304,
            400,
            320
          ],
          "texture": "#0"
        },
        "south": {
          "uv": [
            432,
            304,
            448,
            320
          ],
          "texture": "#0"
        },
        "west": {
          "uv": [
            416,
            304,
            432,
            320
          ],
          "texture": "#0"
        },
        "up": {
          "uv": [
            416,
            304,
            400,
            288
          ],
          "texture": "#0"
        },
        "down": {
          "uv": [
            432,
            288,
            416,
            304
          ],
          "texture": "#0"
        }
      },
      "rotation": {
        "x": 146,
        "y": -180,
        "z": 0,
        "origin": [
          8,
          20.9,
          5.97717
        ]
      }
    },
    {
      "from": [
        7,
        19.6,
        4.77717
      ],
      "to": [
        9,
        21.6,
        6.77717
      ],
      "faces": {
        "north": {
          "uv": [
            336,
            400,
            352,
            416
          ],
          "texture": "#0"
        },
        "east": {
          "uv": [
            320,
            400,
            336,
            416
          ],
          "texture": "#0"
        },
        "south": {
          "uv": [
            368,
            400,
            384,
            416
          ],
          "texture": "#0"
        },
        "west": {
          "uv": [
            352,
            400,
            368,
            416
          ],
          "texture": "#0"
        },
        "up": {
          "uv": [
            352,
            400,
            336,
            384
          ],
          "texture": "#0"
        },
        "down": {
          "uv": [
            368,
            384,
            352,
            400
          ],
          "texture": "#0"
        }
      },
      "rotation": {
        "x": 171,
        "y": -180,
        "z": 0,
        "origin": [
          8,
          20.6,
          5.77717
        ]
      }
    },
    {
      "from": [
        7,
        20.8,
        5.77717
      ],
      "to": [
        9,
        22.8,
        7.77717
      ],
      "faces": {
        "north": {
          "uv": [
            400,
            336,
            416,
            352
          ],
          "texture": "#0"
        },
        "east": {
          "uv": [
            384,
            336,
            400,
            352
          ],
          "texture": "#0"
        },
        "south": {
          "uv": [
            432,
            336,
            448,
            352
          ],
          "texture": "#0"
        },
        "west": {
          "uv": [
            416,
            336,
            432,
            352
          ],
          "texture": "#0"
        },
        "up": {
          "uv": [
            416,
            336,
            400,
            320
          ],
          "texture": "#0"
        },
        "down": {
          "uv": [
            432,
            320,
            416,
            336
          ],
          "texture": "#0"
        }
      },
      "rotation": {
        "x": 44,
        "y": -180,
        "z": 0,
        "origin": [
          8,
          21.8,
          6.77717
        ]
      }
    },
    {
      "from": [
        7,
        21.1,
        5.37717
      ],
      "to": [
        9,
        23.1,
        7.37717
      ],
      "faces": {
        "north": {
          "uv": [
            400,
            368,
            416,
            384
          ],
          "texture": "#0"
        },
        "east": {
          "uv": [
            384,
            368,
            400,
            384
          ],
          "texture": "#0"
        },
        "south": {
          "uv": [
            432,
            368,
            448,
            384
          ],
          "texture": "#0"
        },
        "west": {
          "uv": [
            416,
            368,
            432,
            384
          ],
          "texture": "#0"
        },
        "up": {
          "uv": [
            416,
            368,
            400,
            352
          ],
          "texture": "#0"
        },
        "down": {
          "uv": [
            432,
            352,
            416,
            368
          ],
          "texture": "#0"
        }
      },
      "rotation": {
        "x": 163,
        "y": -180,
        "z": 0,
        "origin": [
          8,
          22.1,
          6.37717
        ]
      }
    },
    {
      "from": [
        7,
        21.15076,
        4.98585
      ],
      "to": [
        9,
        23.15076,
        6.98585
      ],
      "faces": {
        "north": {
          "uv": [
            400,
            400,
            416,
            416
          ],
          "texture": "#0"
        },
        "east": {
          "uv": [
            384,
            400,
            400,
            416
          ],
          "texture": "#0"
        },
        "south": {
          "uv": [
            432,
            400,
            448,
            416
          ],
          "texture": "#0"
        },
        "west": {
          "uv": [
            416,
            400,
            432,
            416
          ],
          "texture": "#0"
        },
        "up": {
          "uv": [
            416,
            400,
            400,
            384
          ],
          "texture": "#0"
        },
        "down": {
          "uv": [
            432,
            384,
            416,
            400
          ],
          "texture": "#0"
        }
      },
      "rotation": {
        "x": -170,
        "y": -180,
        "z": 0,
        "origin": [
          8,
          22.15076,
          5.98585
        ]
      }
    }
  ],
  "gui_light": "front",
  "display": {
    "thirdperson_righthand": {
      "rotation": [
        162.01,
        86.72,
        -94.52
      ],
      "translation": [
        0,
        1.75,
        6.5
      ]
    },
    "thirdperson_lefthand": {
      "rotation": [
        -22.3,
        43.43,
        87.56
      ],
      "translation": [
        -5.75,
        -7.25,
        6.25
      ]
    },
    "firstperson_righthand": {
      "rotation": [
        -180,
        87.75,
        -180
      ],
      "translation": [
        0.75,
        7.75,
        0
      ]
    },
    "firstperson_lefthand": {
      "translation": [
        19,
        4.75,
        -3.75
      ]
    },
    "ground": {
      "rotation": [
        0,
        0,
        91.65
      ],
      "scale": [
        0.48,
        0.48,
        0.48
      ]
    },
    "gui": {
      "rotation": [
        67,
        40,
        -72
      ],
      "translation": [
        -0.25,
        -0.25,
        0
      ],
      "scale": [
        0.39,
        0.39,
        0.39
      ]
    },
    "fixed": {
      "rotation": [
        -88.59,
        44.96,
        89
      ],
      "scale": [
        0.55,
        0.55,
        0.55
      ]
    },
    "on_shelf": {
      "rotation": [
        0,
        -92,
        0
      ],
      "translation": [
        0,
        0,
        -2.75
      ],
      "scale": [
        1,
        0.58,
        1
      ]
    }
  }
}