{
  "model": {
    "type": "range_dispatch",
    "property": "custom_model_data",
    "fallback": {
      "type": "minecraft:empty"
    },
    "entries": [
      {
        "threshold": 1,
        "model": {
          "type": "minecraft:composite",
          "models": [
            {
              "type": "minecraft:model",
              "model": "bettermodel:modern_item/demon_knight_upper_body_1",
              "tints": [
                {
                  "type": "minecraft:custom_model_data",
                  "default": 16777215
                }
              ]
            },
            {
              "type": "minecraft:model",
              "model": "bettermodel:modern_item/demon_knight_upper_body_2",
              "tints": [
                {
                  "type": "minecraft:custom_model_data",
                  "default": 16777215
                }
              ]
            },
            {
              "type": "minecraft:model",
              "model": "bettermodel:modern_item/demon_knight_upper_body_3",
              "tints": [
                {
                  "type": "minecraft:custom_model_data",
                  "default": 16777215
                }
              ]
            },
            {
              "type": "minecraft:model",
              "model": "bettermodel:modern_item/demon_knight_upper_body_4",
              "tints": [
                {
                  "type": "minecraft:custom_model_data",
                  "default": 16777215
                }
              ]
            },
            {
              "type": "minecraft:model",
              "model": "bettermodel:modern_item/demon_knight_upper_body_5",
              "tints": [
                {
                  "type": "minecraft:custom_model_data",
                  "default": 16777215
                }
              ]
            },
            {
              "type": "minecraft:model",
              "model": "bettermodel:modern_item/demon_knight_upper_body_6",
              "tints": [
                {
                  "type": "minecraft:custom_model_data",
                  "default": 16777215
                }
              ]
            },
            {
              "type": "minecraft:model",
              "model": "bettermodel:modern_item/demon_knight_upper_body_7",
              "tints": [
                {
                  "type": "minecraft:custom_model_data",
                  "default": 16777215
                }
              ]
            },
            {
              "type": "minecraft:model",
              "model": "bettermodel:modern_item/demon_knight_upper_body_8",
              "tints": [
                {
                  "type": "minecraft:custom_model_data",
                  "default": 16777215
                }
              ]
            },
            {
              "type": "minecraft:model",
              "model": "bettermodel:modern_item/demon_knight_upper_body_9",
              "tints": [
                {
                  "type": "minecraft:custom_model_data",
                  "default": 16777215
                }
              ]
            },
            {
              "type": "minecraft:model",
              "model": "bettermodel:modern_item/demon_knight_upper_body_10",
              "tints": [
                {
                  "type": "minecraft:custom_model_data",
                  "default": 16777215
                }
              ]
            },
            {
              "type": "minecraft:model",
              "model": "bettermodel:modern_item/demon_knight_upper_body_11",
              "tints": [
                {
                  "type": "minecraft:custom_model_data",
                  "default": 16777215
                }
              ]
            },
            {
              "type": "minecraft:model",
              "model": "bettermodel:modern_item/demon_knight_upper_body_12",
              "tints": [
                {
                  "type": "minecraft:custom_model_data",
                  "default": 16777215
                }
              ]
            },
            {
              "type": "minecraft:model",
              "model": "bettermodel:modern_item/demon_knight_upper_body_13",
              "tints": [
                {
                  "type": "minecraft:custom_model_data",
                  "default": 16777215
                }
              ]
            },
            {
              "type": "minecraft:model",
              "model": "bettermodel:modern_item/demon_knight_upper_body_14",
              "tints": [
                {
                  "type": "minecraft:custom_model_data",
                  "default": 16777215
                }
              ]
            },
            {
              "type": "minecraft:model",
              "model": "bettermodel:modern_item/demon_knight_upper_body_15",
              "tints": [
                {
                  "type": "minecraft:custom_model_data",
                  "default": 16777215
                }
              ]
            },
            {
              "type": "minecraft:model",
              "model": "bettermodel:modern_item/demon_knight_upper_body_16",
              "tints": [
                {
                  "type": "minecraft:custom_model_data",
                  "default": 16777215
                }
              ]
            },
            {
              "type": "minecraft:model",
              "model": "bettermodel:modern_item/demon_knight_upper_body_17",
              "tints": [
                {
                  "type": "minecraft:custom_model_data",
                  "default": 16777215
                }
              ]
            }
          ]
        }
      },
      {
        "threshold": 2,
        "model": {
          "type": "minecraft:composite",
          "models": [
            {
              "type": "minecraft:model",
              "model": "bettermodel:modern_item/demon_knight_h_head_1",
              "tints": [
                {
                  "type": "minecraft:custom_model_data",
                  "default": 16777215
                }
              ]
            },
            {
              "type": "minecraft:model",
              "model": "bettermodel:modern_item/demon_knight_h_head_2",
              "tints": [
                {
                  "type": "minecraft:custom_model_data",
                  "default": 16777215
                }
              ]
            },
            {
              "type": "minecraft:model",
              "model": "bettermodel:modern_item/demon_knight_h_head_3",
              "tints": [
                {
                  "type": "minecraft:custom_model_data",
                  "default": 16777215
                }
              ]
            },
            {
              "type": "minecraft:model",
              "model": "bettermodel:modern_item/demon_knight_h_head_4",
              "tints": [
                {
                  "type": "minecraft:custom_model_data",
                  "default": 16777215
                }
              ]
            },
            {
              "type": "minecraft:model",
              "model": "bettermodel:modern_item/demon_knight_h_head_5",
              "tints": [
                {
                  "type": "minecraft:custom_model_data",
                  "default": 16777215
                }
              ]
            },
            {
              "type": "minecraft:model",
              "model": "bettermodel:modern_item/demon_knight_h_head_6",
              "tints": [
                {
                  "type": "minecraft:custom_model_data",
                  "default": 16777215
                }
              ]
            },
            {
              "type": "minecraft:model",
              "model": "bettermodel:modern_item/demon_knight_h_head_7",
              "tints": [
                {
                  "type": "minecraft:custom_model_data",
                  "default": 16777215
                }
              ]
            },
            {
              "type": "minecraft:model",
              "model": "bettermodel:modern_item/demon_knight_h_head_8",
              "tints": [
                {
                  "type": "minecraft:custom_model_data",
                  "default": 16777215
                }
              ]
            },
            {
              "type": "minecraft:model",
              "model": "bettermodel:modern_item/demon_knight_h_head_9",
              "tints": [
                {
                  "type": "minecraft:custom_model_data",
                  "default": 16777215
                }
              ]
            },
            {
              "type": "minecraft:model",
              "model": "bettermodel:modern_item/demon_knight_h_head_10",
              "tints": [
                {
                  "type": "minecraft:custom_model_data",
                  "default": 16777215
                }
              ]
            },
            {
              "type": "minecraft:model",
              "model": "bettermodel:modern_item/demon_knight_h_head_11",
              "tints": [
                {
                  "type": "minecraft:custom_model_data",
                  "default": 16777215
                }
              ]
            },
            {
              "type": "minecraft:model",
              "model": "bettermodel:modern_item/demon_knight_h_head_12",
              "tints": [
                {
                  "type": "minecraft:custom_model_data",
                  "default": 16777215
                }
              ]
            },
            {
              "type": "minecraft:model",
              "model": "bettermodel:modern_item/demon_knight_h_head_13",
              "tints": [
                {
                  "type": "minecraft:custom_model_data",
                  "default": 16777215
                }
              ]
            },
            {
              "type": "minecraft:model",
              "model": "bettermodel:modern_item/demon_knight_h_head_14",
              "tints": [
                {
                  "type": "minecraft:custom_model_data",
                  "default": 16777215
                }
              ]
            },
            {
              "type": "minecraft:model",
              "model": "bettermodel:modern_item/demon_knight_h_head_15",
              "tints": [
                {
                  "type": "minecraft:custom_model_data",
                  "default": 16777215
                }
              ]
            },
            {
              "type": "minecraft:model",
              "model": "bettermodel:modern_item/demon_knight_h_head_16",
              "tints": [
                {
                  "type": "minecraft:custom_model_data",
                  "default": 16777215
                }
              ]
            },
            {
              "type": "minecraft:model",
              "model": "bettermodel:modern_item/demon_knight_h_head_17",
              "tints": [
                {
                  "type": "minecraft:custom_model_data",
                  "default": 16777215
                }
              ]
            },
            {
              "type": "minecraft:model",
              "model": "bettermodel:modern_item/demon_knight_h_head_18",
              "tints": [
                {
                  "type": "minecraft:custom_model_data",
                  "default": 16777215
                }
              ]
            },
            {
              "type": "minecraft:model",
              "model": "bettermodel:modern_item/demon_knight_h_head_19",
              "tints": [
                {
                  "type": "minecraft:custom_model_data",
                  "default": 16777215
                }
              ]
            },
            {
              "type": "minecraft:model",
              "model": "bettermodel:modern_item/demon_knight_h_head_20",
              "tints": [
                {
                  "type": "minecraft:custom_model_data",
                  "default": 16777215
                }
              ]
            },
            {
              "type": "minecraft:model",
              "model": "bettermodel:modern_item/demon_knight_h_head_21",
              "tints": [
                {
                  "type": "minecraft:custom_model_data",
                  "default": 16777215
                }
              ]
            },
            {
              "type": "minecraft:model",
              "model": "bettermodel:modern_item/demon_knight_h_head_22",
              "tints": [
                {
                  "type": "minecraft:custom_model_data",
                  "default": 16777215
                }
              ]
            },
            {
              "type": "minecraft:model",
              "model": "bettermodel:modern_item/demon_knight_h_head_23",
              "tints": [
                {
                  "type": "minecraft:custom_model_data",
                  "default": 16777215
                }
              ]
            },
            {
              "type": "minecraft:model",
              "model": "bettermodel:modern_item/demon_knight_h_head_24",
              "tints": [
                {
                  "type": "minecraft:custom_model_data",
                  "default": 16777215
                }
              ]
            },
            {
              "type": "minecraft:model",
              "model": "bettermodel:modern_item/demon_knight_h_head_25",
              "tints": [
                {
                  "type": "minecraft:custom_model_data",
                  "default": 16777215
                }
              ]
            },
            {
              "type": "minecraft:model",
              "model": "bettermodel:modern_item/demon_knight_h_head_26",
              "tints": [
                {
                  "type": "minecraft:custom_model_data",
                  "default": 16777215
                }
              ]
            },
            {
              "type": "minecraft:model",
              "model": "bettermodel:modern_item/demon_knight_h_head_27",
              "tints": [
                {
                  "type": "minecraft:custom_model_data",
                  "default": 16777215
                }
              ]
            }
          ]
        }
      },
      {
        "threshold": 3,
        "model": {
          "type": "minecraft:model",
          "model": "bettermodel:modern_item/demon_knight_cloak_1",
          "tints": [
            {
              "type": "minecraft:custom_model_data",
              "default": 16777215
            }
          ]
        }
      },
      {
        "threshold": 4,
        "model": {
          "type": "minecraft:composite",
          "models": [
            {
              "type": "minecraft:model",
              "model": "bettermodel:modern_item/demon_knight_right_arm_1",
              "tints": [
                {
                  "type": "minecraft:custom_model_data",
                  "default": 16777215
                }
              ]
            },
            {
              "type": "minecraft:model",
              "model": "bettermodel:modern_item/demon_knight_right_arm_2",
              "tints": [
                {
                  "type": "minecraft:custom_model_data",
                  "default": 16777215
                }
              ]
            },
            {
              "type": "minecraft:model",
              "model": "bettermodel:modern_item/demon_knight_right_arm_3",
              "tints": [
                {
                  "type": "minecraft:custom_model_data",
                  "default": 16777215
                }
              ]
            },
            {
              "type": "minecraft:model",
              "model": "bettermodel:modern_item/demon_knight_right_arm_4",
              "tints": [
                {
                  "type": "minecraft:custom_model_data",
                  "default": 16777215
                }
              ]
            },
            {
              "type": "minecraft:model",
              "model": "bettermodel:modern_item/demon_knight_right_arm_5",
              "tints": [
                {
                  "type": "minecraft:custom_model_data",
                  "default": 16777215
                }
              ]
            },
            {
              "type": "minecraft:model",
              "model": "bettermodel:modern_item/demon_knight_right_arm_6",
              "tints": [
                {
                  "type": "minecraft:custom_model_data",
                  "default": 16777215
                }
              ]
            },
            {
              "type": "minecraft:model",
              "model": "bettermodel:modern_item/demon_knight_right_arm_7",
              "tints": [
                {
                  "type": "minecraft:custom_model_data",
                  "default": 16777215
                }
              ]
            },
            {
              "type": "minecraft:model",
              "model": "bettermodel:modern_item/demon_knight_right_arm_8",
              "tints": [
                {
                  "type": "minecraft:custom_model_data",
                  "default": 16777215
                }
              ]
            },
            {
              "type": "minecraft:model",
              "model": "bettermodel:modern_item/demon_knight_right_arm_9",
              "tints": [
                {
                  "type": "minecraft:custom_model_data",
                  "default": 16777215
                }
              ]
            },
            {
              "type": "minecraft:model",
              "model": "bettermodel:modern_item/demon_knight_right_arm_10",
              "tints": [
                {
                  "type": "minecraft:custom_model_data",
                  "default": 16777215
                }
              ]
            },
            {
              "type": "minecraft:model",
              "model": "bettermodel:modern_item/demon_knight_right_arm_11",
              "tints": [
                {
                  "type": "minecraft:custom_model_data",
                  "default": 16777215
                }
              ]
            },
            {
              "type": "minecraft:model",
              "model": "bettermodel:modern_item/demon_knight_right_arm_12",
              "tints": [
                {
                  "type": "minecraft:custom_model_data",
                  "default": 16777215
                }
              ]
            },
            {
              "type": "minecraft:model",
              "model": "bettermodel:modern_item/demon_knight_right_arm_13",
              "tints": [
                {
                  "type": "minecraft:custom_model_data",
                  "default": 16777215
                }
              ]
            },
            {
              "type": "minecraft:model",
              "model": "bettermodel:modern_item/demon_knight_right_arm_14",
              "tints": [
                {
                  "type": "minecraft:custom_model_data",
                  "default": 16777215
                }
              ]
            },
            {
              "type": "minecraft:model",
              "model": "bettermodel:modern_item/demon_knight_right_arm_15",
              "tints": [
                {
                  "type": "minecraft:custom_model_data",
                  "default": 16777215
                }
              ]
            },
            {
              "type": "minecraft:model",
              "model": "bettermodel:modern_item/demon_knight_right_arm_16",
              "tints": [
                {
                  "type": "minecraft:custom_model_data",
                  "default": 16777215
                }
              ]
            }
          ]
        }
      },
      {
        "threshold": 5,
        "model": {
          "type": "minecraft:model",
          "model": "bettermodel:modern_item/demon_knight_right_sub_arm_1",
          "tints": [
            {
              "type": "minecraft:custom_model_data",
              "default": 16777215
            }
          ]
        }
      },
      {
        "threshold": 6,
        "model": {
          "type": "minecraft:composite",
          "models": [
            {
              "type": "minecraft:model",
              "model": "bettermodel:modern_item/demon_knight_right_hand_1",
              "tints": [
                {
                  "type": "minecraft:custom_model_data",
                  "default": 16777215
                }
              ]
            },
            {
              "type": "minecraft:model",
              "model": "bettermodel:modern_item/demon_knight_right_hand_2",
              "tints": [
                {
                  "type": "minecraft:custom_model_data",
                  "default": 16777215
                }
              ]
            }
          ]
        }
      },
      {
        "threshold": 7,
        "model": {
          "type": "minecraft:model",
          "model": "bettermodel:modern_item/demon_knight_hammer_1",
          "tints": [
            {
              "type": "minecraft:custom_model_data",
              "default": 16777215
            }
          ]
        }
      },
      {
        "threshold": 8,
        "model": {
          "type": "minecraft:model",
          "model": "bettermodel:modern_item/demon_knight_vfx_pierce_1",
          "tints": [
            {
              "type": "minecraft:custom_model_data",
              "default": 16777215
            }
          ]
        }
      },
      {
        "threshold": 9,
        "model": {
          "type": "minecraft:model",
          "model": "bettermodel:modern_item/demon_knight_vfx_slash_1",
          "tints": [
            {
              "type": "minecraft:custom_model_data",
              "default": 16777215
            }
          ]
        }
      },
      {
        "threshold": 10,
        "model": {
          "type": "minecraft:composite",
          "models": [
            {
              "type": "minecraft:model",
              "model": "bettermodel:modern_item/demon_knight_left_arm_1",
              "tints": [
                {
                  "type": "minecraft:custom_model_data",
                  "default": 16777215
                }
              ]
            },
            {
              "type": "minecraft:model",
              "model": "bettermodel:modern_item/demon_knight_left_arm_2",
              "tints": [
                {
                  "type": "minecraft:custom_model_data",
                  "default": 16777215
                }
              ]
            },
            {
              "type": "minecraft:model",
              "model": "bettermodel:modern_item/demon_knight_left_arm_3",
              "tints": [
                {
                  "type": "minecraft:custom_model_data",
                  "default": 16777215
                }
              ]
            },
            {
              "type": "minecraft:model",
              "model": "bettermodel:modern_item/demon_knight_left_arm_4",
              "tints": [
                {
                  "type": "minecraft:custom_model_data",
                  "default": 16777215
                }
              ]
            },
            {
              "type": "minecraft:model",
              "model": "bettermodel:modern_item/demon_knight_left_arm_5",
              "tints": [
                {
                  "type": "minecraft:custom_model_data",
                  "default": 16777215
                }
              ]
            },
            {
              "type": "minecraft:model",
              "model": "bettermodel:modern_item/demon_knight_left_arm_6",
              "tints": [
                {
                  "type": "minecraft:custom_model_data",
                  "default": 16777215
                }
              ]
            },
            {
              "type": "minecraft:model",
              "model": "bettermodel:modern_item/demon_knight_left_arm_7",
              "tints": [
                {
                  "type": "minecraft:custom_model_data",
                  "default": 16777215
                }
              ]
            },
            {
              "type": "minecraft:model",
              "model": "bettermodel:modern_item/demon_knight_left_arm_8",
              "tints": [
                {
                  "type": "minecraft:custom_model_data",
                  "default": 16777215
                }
              ]
            },
            {
              "type": "minecraft:model",
              "model": "bettermodel:modern_item/demon_knight_left_arm_9",
              "tints": [
                {
                  "type": "minecraft:custom_model_data",
                  "default": 16777215
                }
              ]
            },
            {
              "type": "minecraft:model",
              "model": "bettermodel:modern_item/demon_knight_left_arm_10",
              "tints": [
                {
                  "type": "minecraft:custom_model_data",
                  "default": 16777215
                }
              ]
            },
            {
              "type": "minecraft:model",
              "model": "bettermodel:modern_item/demon_knight_left_arm_11",
              "tints": [
                {
                  "type": "minecraft:custom_model_data",
                  "default": 16777215
                }
              ]
            },
            {
              "type": "minecraft:model",
              "model": "bettermodel:modern_item/demon_knight_left_arm_12",
              "tints": [
                {
                  "type": "minecraft:custom_model_data",
                  "default": 16777215
                }
              ]
            },
            {
              "type": "minecraft:model",
              "model": "bettermodel:modern_item/demon_knight_left_arm_13",
              "tints": [
                {
                  "type": "minecraft:custom_model_data",
                  "default": 16777215
                }
              ]
            },
            {
              "type": "minecraft:model",
              "model": "bettermodel:modern_item/demon_knight_left_arm_14",
              "tints": [
                {
                  "type": "minecraft:custom_model_data",
                  "default": 16777215
                }
              ]
            },
            {
              "type": "minecraft:model",
              "model": "bettermodel:modern_item/demon_knight_left_arm_15",
              "tints": [
                {
                  "type": "minecraft:custom_model_data",
                  "default": 16777215
                }
              ]
            },
            {
              "type": "minecraft:model",
              "model": "bettermodel:modern_item/demon_knight_left_arm_16",
              "tints": [
                {
                  "type": "minecraft:custom_model_data",
                  "default": 16777215
                }
              ]
            }
          ]
        }
      },
      {
        "threshold": 11,
        "model": {
          "type": "minecraft:model",
          "model": "bettermodel:modern_item/demon_knight_left_sub_arm_1",
          "tints": [
            {
              "type": "minecraft:custom_model_data",
              "default": 16777215
            }
          ]
        }
      },
      {
        "threshold": 12,
        "model": {
          "type": "minecraft:composite",
          "models": [
            {
              "type": "minecraft:model",
              "model": "bettermodel:modern_item/demon_knight_left_hand_1",
              "tints": [
                {
                  "type": "minecraft:custom_model_data",
                  "default": 16777215
                }
              ]
            },
            {
              "type": "minecraft:model",
              "model": "bettermodel:modern_item/demon_knight_left_hand_2",
              "tints": [
                {
                  "type": "minecraft:custom_model_data",
                  "default": 16777215
                }
              ]
            }
          ]
        }
      },
      {
        "threshold": 13,
        "model": {
          "type": "minecraft:model",
          "model": "bettermodel:modern_item/demon_knight_shield_1",
          "tints": [
            {
              "type": "minecraft:custom_model_data",
              "default": 16777215
            }
          ]
        }
      },
      {
        "threshold": 14,
        "model": {
          "type": "minecraft:composite",
          "models": [
            {
              "type": "minecraft:model",
              "model": "bettermodel:modern_item/demon_knight_under_body_1",
              "tints": [
                {
                  "type": "minecraft:custom_model_data",
                  "default": 16777215
                }
              ]
            },
            {
              "type": "minecraft:model",
              "model": "bettermodel:modern_item/demon_knight_under_body_2",
              "tints": [
                {
                  "type": "minecraft:custom_model_data",
                  "default": 16777215
                }
              ]
            },
            {
              "type": "minecraft:model",
              "model": "bettermodel:modern_item/demon_knight_under_body_3",
              "tints": [
                {
                  "type": "minecraft:custom_model_data",
                  "default": 16777215
                }
              ]
            },
            {
              "type": "minecraft:model",
              "model": "bettermodel:modern_item/demon_knight_under_body_4",
              "tints": [
                {
                  "type": "minecraft:custom_model_data",
                  "default": 16777215
                }
              ]
            },
            {
              "type": "minecraft:model",
              "model": "bettermodel:modern_item/demon_knight_under_body_5",
              "tints": [
                {
                  "type": "minecraft:custom_model_data",
                  "default": 16777215
                }
              ]
            },
            {
              "type": "minecraft:model",
              "model": "bettermodel:modern_item/demon_knight_under_body_6",
              "tints": [
                {
                  "type": "minecraft:custom_model_data",
                  "default": 16777215
                }
              ]
            },
            {
              "type": "minecraft:model",
              "model": "bettermodel:modern_item/demon_knight_under_body_7",
              "tints": [
                {
                  "type": "minecraft:custom_model_data",
                  "default": 16777215
                }
              ]
            },
            {
              "type": "minecraft:model",
              "model": "bettermodel:modern_item/demon_knight_under_body_8",
              "tints": [
                {
                  "type": "minecraft:custom_model_data",
                  "default": 16777215
                }
              ]
            },
            {
              "type": "minecraft:model",
              "model": "bettermodel:modern_item/demon_knight_under_body_9",
              "tints": [
                {
                  "type": "minecraft:custom_model_data",
                  "default": 16777215
                }
              ]
            },
            {
              "type": "minecraft:model",
              "model": "bettermodel:modern_item/demon_knight_under_body_10",
              "tints": [
                {
                  "type": "minecraft:custom_model_data",
                  "default": 16777215
                }
              ]
            },
            {
              "type": "minecraft:model",
              "model": "bettermodel:modern_item/demon_knight_under_body_11",
              "tints": [
                {
                  "type": "minecraft:custom_model_data",
                  "default": 16777215
                }
              ]
            }
          ]
        }
      },
      {
        "threshold": 15,
        "model": {
          "type": "minecraft:model",
          "model": "bettermodel:modern_item/demon_knight_front_armor_1",
          "tints": [
            {
              "type": "minecraft:custom_model_data",
              "default": 16777215
            }
          ]
        }
      },
      {
        "threshold": 16,
        "model": {
          "type": "minecraft:model",
          "model": "bettermodel:modern_item/demon_knight_back_armor_1",
          "tints": [
            {
              "type": "minecraft:custom_model_data",
              "default": 16777215
            }
          ]
        }
      },
      {
        "threshold": 17,
        "model": {
          "type": "minecraft:model",
          "model": "bettermodel:modern_item/demon_knight_right_armor_1",
          "tints": [
            {
              "type": "minecraft:custom_model_data",
              "default": 16777215
            }
          ]
        }
      },
      {
        "threshold": 18,
        "model": {
          "type": "minecraft:model",
          "model": "bettermodel:modern_item/demon_knight_left_armor_1",
          "tints": [
            {
              "type": "minecraft:custom_model_data",
              "default": 16777215
            }
          ]
        }
      },
      {
        "threshold": 19,
        "model": {
          "type": "minecraft:model",
          "model": "bettermodel:modern_item/demon_knight_right_leg_1",
          "tints": [
            {
              "type": "minecraft:custom_model_data",
              "default": 16777215
            }
          ]
        }
      },
      {
        "threshold": 20,
        "model": {
          "type": "minecraft:model",
          "model": "bettermodel:modern_item/demon_knight_right_sub_leg_1",
          "tints": [
            {
              "type": "minecraft:custom_model_data",
              "default": 16777215
            }
          ]
        }
      },
      {
        "threshold": 21,
        "model": {
          "type": "minecraft:model",
          "model": "bettermodel:modern_item/demon_knight_right_feet_1",
          "tints": [
            {
              "type": "minecraft:custom_model_data",
              "default": 16777215
            }
          ]
        }
      },
      {
        "threshold": 22,
        "model": {
          "type": "minecraft:model",
          "model": "bettermodel:modern_item/demon_knight_left_leg_1",
          "tints": [
            {
              "type": "minecraft:custom_model_data",
              "default": 16777215
            }
          ]
        }
      },
      {
        "threshold": 23,
        "model": {
          "type": "minecraft:model",
          "model": "bettermodel:modern_item/demon_knight_left_sub_leg_1",
          "tints": [
            {
              "type": "minecraft:custom_model_data",
              "default": 16777215
            }
          ]
        }
      },
      {
        "threshold": 24,
        "model": {
          "type": "minecraft:model",
          "model": "bettermodel:modern_item/demon_knight_left_feet_1",
          "tints": [
            {
              "type": "minecraft:custom_model_data",
              "default": 16777215
            }
          ]
        }
      },
      {
        "threshold": 25,
        "model": {
          "type": "minecraft:model",
          "model": "bettermodel:item/key_staff",
          "tints": [
            {
              "type": "minecraft:custom_model_data",
              "default": 16777215
            }
          ]
        }
      }
    ]
  }
}