{"parent":"item/generated","textures":{"layer0":"item/leather_helmet","layer1":"item/leather_helmet_overlay","particle":"item/leather_helmet"},"overrides":[{"predicate":{"custom_model_data":1000},"model":"5507d9b0-cfed-4d3e-8de9-a4513f91ea33"},{"predicate":{"custom_model_data":1001},"model":"a25f8cfa-8123-4739-9936-ba8ff3113de4"},{"predicate":{"custom_model_data":1002},"model":"da846e3b-24c8-4b57-8ed5-89cf90055006"},{"predicate":{"custom_model_data":1003},"model":"543623a5-c970-4015-b0d6-d160cdb48f20"},{"predicate":{"custom_model_data":1004},"model":"cd1c2b1c-7320-4f98-b57e-fbce776adbeb"},{"predicate":{"custom_model_data":1005},"model":"65d9fde9-375d-4acf-9676-f0a1da632650"},{"predicate":{"custom_model_data":1006},"model":"384ef366-0bd6-40b0-b5b2-bda9ea4cd401"},{"predicate":{"custom_model_data":1007},"model":"20bcaa85-5240-45c8-8a4f-b34776218e4f"},{"predicate":{"custom_model_data":1008},"model":"a2fbb4d2-75e5-4748-ae80-ceef79dc8e5e"},{"predicate":{"custom_model_data":1009},"model":"5e0211e0-1932-48a6-b7a1-93d5a4b75eb7"}]}