{"parent":"item/generated","textures":{"layer0":"item/paper","particle":"item/paper"},"overrides":[{"predicate":{"custom_model_data":1000},"model":"55a0aea0-1abc-44e8-8af8-c294d44a9e9d"},{"predicate":{"custom_model_data":1001},"model":"ec409e14-19b1-4131-a3a2-fced4422df67"},{"predicate":{"custom_model_data":1002},"model":"4dab45be-1d02-48e0-aff9-5e4e4fea9fe5"},{"predicate":{"custom_model_data":1003},"model":"67449a9e-0aa7-47bb-9e63-38e838b3febd"},{"predicate":{"custom_model_data":1004},"model":"37b25c55-e199-46f4-b88d-96f96b041501"},{"predicate":{"custom_model_data":1005},"model":"nexo:433bdb6e-780d-45f9-99f3-a51224b8877b"},{"predicate":{"custom_model_data":1006},"model":"nexo:dc056a26-530d-454a-bad0-d60c2c4c45ee"},{"predicate":{"custom_model_data":1007},"model":"nexo:fab1e51a-3cc3-4a93-af48-dfd4b3493361"},{"predicate":{"custom_model_data":1008},"model":"nexo:855e6dfb-77a5-48ac-b2d4-313a2439b5ba"},{"predicate":{"custom_model_data":1009},"model":"nexo:642ad657-2050-4745-b7b6-183359e6e05a"},{"predicate":{"custom_model_data":1010},"model":"nexo:1ef8211d-feac-446d-9f59-6ee7c6ddce9a"},{"predicate":{"custom_model_data":1011},"model":"nexo:feaee35c-f0a3-44d2-b5e2-f8983f566a45"},{"predicate":{"custom_model_data":1056},"model":"nexo:5c96d786-cd54-40ae-a8b4-7cc91057e18d"}]}