{"parent":"builtin/entity","display":{"thirdperson_righthand":{"rotation":[0.0,90.0,0.0],"translation":[10.0,6.0,-4.0]},"thirdperson_lefthand":{"rotation":[0.0,90.0,0.0],"translation":[10.0,6.0,12.0]},"firstperson_righthand":{"rotation":[0.0,180.0,5.0],"translation":[-10.0,2.0,-10.0],"scale":[1.25,1.25,1.25]},"firstperson_lefthand":{"rotation":[0.0,180.0,5.0],"translation":[10.0,0.0,-10.0],"scale":[1.25,1.25,1.25]},"gui":{"rotation":[15.0,-25.0,-5.0],"translation":[2.0,3.0,0.0],"scale":[0.65,0.65,0.65]},"fixed":{"rotation":[0.0,180.0,0.0],"translation":[-4.5,4.5,-5.0],"scale":[0.55,0.55,0.55]},"ground":{"translation":[2.0,4.0,2.0],"scale":[0.25,0.25,0.25]}},"textures":{"particle":"block/dark_oak_planks"},"gui_light":"front","overrides":[{"predicate":{"custom_model_data":1000},"model":"nexo:18362991-35dd-4bcd-939b-f57c5fa39463"},{"predicate":{"blocking":1.0,"custom_model_data":1000},"model":"nexo:b0afeb2e-6194-4df3-9265-2fc6eefbf1df"}]}