{"model":{"type":"condition","property":"broken","on_true":{"type":"range_dispatch","property":"custom_model_data","entries":[{"threshold":1000.0,"model":{"type":"model","model":"82ea0a7d-33e6-4721-a69b-7715fb3b05f2","tints":[]}}],"fallback":{"type":"model","model":"item/elytra_broken","tints":[]}},"on_false":{"type":"range_dispatch","property":"custom_model_data","entries":[{"threshold":1000.0,"model":{"type":"model","model":"82ea0a7d-33e6-4721-a69b-7715fb3b05f2","tints":[]}}],"fallback":{"type":"model","model":"item/elytra","tints":[]}}}}