{"model":{"type":"range_dispatch","property":"custom_model_data","entries":[{"threshold":1000.0,"model":{"type":"model","model":"5507d9b0-cfed-4d3e-8de9-a4513f91ea33","tints":[]}},{"threshold":1001.0,"model":{"type":"model","model":"a25f8cfa-8123-4739-9936-ba8ff3113de4","tints":[]}},{"threshold":1002.0,"model":{"type":"model","model":"da846e3b-24c8-4b57-8ed5-89cf90055006","tints":[]}},{"threshold":1003.0,"model":{"type":"model","model":"543623a5-c970-4015-b0d6-d160cdb48f20","tints":[]}},{"threshold":1004.0,"model":{"type":"model","model":"cd1c2b1c-7320-4f98-b57e-fbce776adbeb","tints":[]}},{"threshold":1005.0,"model":{"type":"model","model":"65d9fde9-375d-4acf-9676-f0a1da632650","tints":[]}},{"threshold":1006.0,"model":{"type":"model","model":"384ef366-0bd6-40b0-b5b2-bda9ea4cd401","tints":[]}},{"threshold":1007.0,"model":{"type":"model","model":"20bcaa85-5240-45c8-8a4f-b34776218e4f","tints":[]}},{"threshold":1008.0,"model":{"type":"model","model":"a2fbb4d2-75e5-4748-ae80-ceef79dc8e5e","tints":[]}},{"threshold":1009.0,"model":{"type":"model","model":"5e0211e0-1932-48a6-b7a1-93d5a4b75eb7","tints":[]}}],"fallback":{"type":"select","property":"trim_material","cases":[{"when":"minecraft:quartz","model":{"type":"model","model":"item/leather_helmet_quartz_trim","tints":[{"type":"dye","default":-6265536}]}},{"when":"minecraft:iron","model":{"type":"model","model":"item/leather_helmet_iron_trim","tints":[{"type":"dye","default":-6265536}]}},{"when":"minecraft:netherite","model":{"type":"model","model":"item/leather_helmet_netherite_trim","tints":[{"type":"dye","default":-6265536}]}},{"when":"minecraft:redstone","model":{"type":"model","model":"item/leather_helmet_redstone_trim","tints":[{"type":"dye","default":-6265536}]}},{"when":"minecraft:copper","model":{"type":"model","model":"item/leather_helmet_copper_trim","tints":[{"type":"dye","default":-6265536}]}},{"when":"minecraft:gold","model":{"type":"model","model":"item/leather_helmet_gold_trim","tints":[{"type":"dye","default":-6265536}]}},{"when":"minecraft:emerald","model":{"type":"model","model":"item/leather_helmet_emerald_trim","tints":[{"type":"dye","default":-6265536}]}},{"when":"minecraft:diamond","model":{"type":"model","model":"item/leather_helmet_diamond_trim","tints":[{"type":"dye","default":-6265536}]}},{"when":"minecraft:lapis","model":{"type":"model","model":"item/leather_helmet_lapis_trim","tints":[{"type":"dye","default":-6265536}]}},{"when":"minecraft:amethyst","model":{"type":"model","model":"item/leather_helmet_amethyst_trim","tints":[{"type":"dye","default":-6265536}]}},{"when":"minecraft:resin","model":{"type":"model","model":"item/leather_helmet_resin_trim","tints":[{"type":"dye","default":-6265536}]}}],"fallback":{"type":"model","model":"item/leather_helmet","tints":[{"type":"dye","default":-6265536}]}}}}