{"model":{"type":"range_dispatch","property":"custom_model_data","entries":[{"threshold":1000.0,"model":{"type":"model","model":"55a0aea0-1abc-44e8-8af8-c294d44a9e9d","tints":[]}},{"threshold":1001.0,"model":{"type":"model","model":"ec409e14-19b1-4131-a3a2-fced4422df67","tints":[]}},{"threshold":1002.0,"model":{"type":"model","model":"4dab45be-1d02-48e0-aff9-5e4e4fea9fe5","tints":[]}},{"threshold":1003.0,"model":{"type":"model","model":"67449a9e-0aa7-47bb-9e63-38e838b3febd","tints":[]}},{"threshold":1004.0,"model":{"type":"model","model":"37b25c55-e199-46f4-b88d-96f96b041501","tints":[]}},{"threshold":1005.0,"model":{"type":"model","model":"nexo:433bdb6e-780d-45f9-99f3-a51224b8877b","tints":[]}},{"threshold":1006.0,"model":{"type":"model","model":"nexo:dc056a26-530d-454a-bad0-d60c2c4c45ee","tints":[]}},{"threshold":1007.0,"model":{"type":"model","model":"nexo:fab1e51a-3cc3-4a93-af48-dfd4b3493361","tints":[]}},{"threshold":1008.0,"model":{"type":"model","model":"nexo:855e6dfb-77a5-48ac-b2d4-313a2439b5ba","tints":[]}},{"threshold":1009.0,"model":{"type":"model","model":"nexo:642ad657-2050-4745-b7b6-183359e6e05a","tints":[]}},{"threshold":1010.0,"model":{"type":"model","model":"nexo:1ef8211d-feac-446d-9f59-6ee7c6ddce9a","tints":[]}},{"threshold":1011.0,"model":{"type":"model","model":"nexo:feaee35c-f0a3-44d2-b5e2-f8983f566a45","tints":[]}},{"threshold":1056.0,"model":{"type":"model","model":"nexo:5c96d786-cd54-40ae-a8b4-7cc91057e18d","tints":[]}}],"fallback":{"type":"model","model":"item/paper","tints":[]}}}