{"model":{"type":"condition","property":"using_item","on_true":{"type":"range_dispatch","property":"custom_model_data","entries":[{"threshold":1000.0,"model":{"type":"model","model":"nexo:b0afeb2e-6194-4df3-9265-2fc6eefbf1df","tints":[]}}],"fallback":{"type":"special","model":{"type":"shield"},"base":"item/shield_blocking"}},"on_false":{"type":"range_dispatch","property":"custom_model_data","entries":[{"threshold":1000.0,"model":{"type":"model","model":"nexo:18362991-35dd-4bcd-939b-f57c5fa39463","tints":[]}}],"fallback":{"type":"special","model":{"type":"shield"},"base":"item/shield"}}}}