{"model":{"type":"condition","property":"has_component","component":"minecraft:dyed_color","on_true":{"type":"range_dispatch","property":"custom_model_data","entries":[{"threshold":1000.0,"model":{"type":"model","model":"08a8098a-1579-4d68-915b-1ef9c1a37589","tints":[]}}],"fallback":{"type":"model","model":"item/wolf_armor_dyed","tints":[{"type":"constant","value":-1},{"type":"dye","default":0}]}},"on_false":{"type":"range_dispatch","property":"custom_model_data","entries":[{"threshold":1000.0,"model":{"type":"model","model":"08a8098a-1579-4d68-915b-1ef9c1a37589","tints":[]}}],"fallback":{"type":"model","model":"item/wolf_armor","tints":[]}}}}