{"model":{"type":"select","property":"block_state","block_state_property":"connectable","cases":[{"when":"straight","model":{"type":"model","model":"nexo:01ed2161-9258-4c8a-94e0-8ec2c992100a","tints":[]}},{"when":"left","model":{"type":"model","model":"nexo:9021a2e6-ce0e-40bf-a7ed-1db3ae943d3b","tints":[]}},{"when":"right","model":{"type":"model","model":"nexo:bef57ed4-19ff-46af-8bd4-20f528152101","tints":[]}},{"when":"inner","model":{"type":"model","model":"nexo:b6ff5be8-4910-4327-a7e0-5d0e1d521eb7","tints":[]}},{"when":"outer","model":{"type":"model","model":"nexo:2b0c30e5-fdf6-4527-9278-acc60236159b","tints":[]}}],"fallback":{"type":"model","model":"nexo:fcc7dc44-7426-4dc0-a1a9-9367f73daf00","tints":[]}}}