{
  "textures": {
    "0": "elypack:item/custom_textures/guarda_chuva"
  },
  "elements": [
    {"from":[8,-0.3,8],"to":[9,23.7,9],"faces":{"north":{"uv":[63,53,64,77],"texture":"#0"},"east":{"uv":[62,53,63,77],"texture":"#0"},"south":{"uv":[65,53,66,77],"texture":"#0"},"west":{"uv":[64,53,65,77],"texture":"#0"},"up":{"uv":[64,53,63,52],"texture":"#0"},"down":{"uv":[65,52,64,53],"texture":"#0"}}},
    {"from":[1,23,1],"to":[16,23,16],"faces":{"north":{"uv":[15,15,30,15],"texture":"#0"},"east":{"uv":[0,15,15,15],"texture":"#0"},"south":{"uv":[45,15,60,15],"texture":"#0"},"west":{"uv":[30,15,45,15],"texture":"#0"},"up":{"uv":[30,15,15,0],"texture":"#0"},"down":{"uv":[45,0,30,15],"texture":"#0"}}},
    {"from":[1,20,1],"to":[16,23,1],"faces":{"north":{"uv":[60,12,75,15],"texture":"#0"},"east":{"uv":[60,12,60,15],"texture":"#0"},"south":{"uv":[75,12,90,15],"texture":"#0"},"west":{"uv":[75,12,75,15],"texture":"#0"},"up":{"uv":[75,12,60,12],"texture":"#0"},"down":{"uv":[90,12,75,12],"texture":"#0"}}},
    {"from":[1,20,1],"to":[1,23,16],"faces":{"north":{"uv":[49,30,49,33],"texture":"#0"},"east":{"uv":[34,30,49,33],"texture":"#0"},"south":{"uv":[64,30,64,33],"texture":"#0"},"west":{"uv":[49,30,64,33],"texture":"#0"},"up":{"uv":[49,30,49,15],"texture":"#0"},"down":{"uv":[49,15,49,30],"texture":"#0"}}},
    {"from":[1,20,16],"to":[16,23,16],"faces":{"north":{"uv":[62,49,77,52],"texture":"#0"},"east":{"uv":[62,49,62,52],"texture":"#0"},"south":{"uv":[77,49,92,52],"texture":"#0"},"west":{"uv":[77,49,77,52],"texture":"#0"},"up":{"uv":[77,49,62,49],"texture":"#0"},"down":{"uv":[92,49,77,49],"texture":"#0"}}},
    {"from":[16,20,1],"to":[16,23,16],"faces":{"north":{"uv":[15,64,15,67],"texture":"#0"},"east":{"uv":[0,64,15,67],"texture":"#0"},"south":{"uv":[30,64,30,67],"texture":"#0"},"west":{"uv":[15,64,30,67],"texture":"#0"},"up":{"uv":[15,64,15,49],"texture":"#0"},"down":{"uv":[15,49,15,64],"texture":"#0"}}},
    {"from":[15.5,19,1],"to":[16.5,20,16],"faces":{"north":{"uv":[45,64,46,65],"texture":"#0"},"east":{"uv":[30,64,45,65],"texture":"#0"},"south":{"uv":[61,64,62,65],"texture":"#0"},"west":{"uv":[46,64,61,65],"texture":"#0"},"up":{"uv":[46,64,45,49],"texture":"#0"},"down":{"uv":[47,49,46,64],"texture":"#0"}}},
    {"from":[1,19,0.5],"to":[16,20,1.5],"faces":{"north":{"uv":[61,9,76,10],"texture":"#0"},"east":{"uv":[60,9,61,10],"texture":"#0"},"south":{"uv":[77,9,92,10],"texture":"#0"},"west":{"uv":[76,9,77,10],"texture":"#0"},"up":{"uv":[76,9,61,8],"texture":"#0"},"down":{"uv":[91,8,76,9],"texture":"#0"}}},
    {"from":[0,18.1,2],"to":[2,20.1,17],"faces":{"north":{"uv":[15,30,17,32],"texture":"#0"},"east":{"uv":[0,30,15,32],"texture":"#0"},"south":{"uv":[32,30,34,32],"texture":"#0"},"west":{"uv":[17,30,32,32],"texture":"#0"},"up":{"uv":[17,30,15,15],"texture":"#0"},"down":{"uv":[19,15,17,30],"texture":"#0"}}},
    {"from":[1,19,15.5],"to":[16,20,16.5],"faces":{"north":{"uv":[61,11,76,12],"texture":"#0"},"east":{"uv":[60,11,61,12],"texture":"#0"},"south":{"uv":[77,11,92,12],"texture":"#0"},"west":{"uv":[76,11,77,12],"texture":"#0"},"up":{"uv":[76,11,61,10],"texture":"#0"},"down":{"uv":[91,10,76,11],"texture":"#0"}}},
    {"from":[0.5,19,1],"to":[1.5,20,16],"faces":{"north":{"uv":[49,48,50,49],"texture":"#0"},"east":{"uv":[34,48,49,49],"texture":"#0"},"south":{"uv":[65,48,66,49],"texture":"#0"},"west":{"uv":[50,48,65,49],"texture":"#0"},"up":{"uv":[50,48,49,33],"texture":"#0"},"down":{"uv":[51,33,50,48],"texture":"#0"}}},
    {"from":[2,18.1,15],"to":[17,20.1,17],"faces":{"north":{"uv":[62,6,77,8],"texture":"#0"},"east":{"uv":[60,6,62,8],"texture":"#0"},"south":{"uv":[79,6,94,8],"texture":"#0"},"west":{"uv":[77,6,79,8],"texture":"#0"},"up":{"uv":[77,6,62,4],"texture":"#0"},"down":{"uv":[92,4,77,6],"texture":"#0"}}},
    {"from":[15,18.1,0],"to":[17,20.1,15],"faces":{"north":{"uv":[15,47,17,49],"texture":"#0"},"east":{"uv":[0,47,15,49],"texture":"#0"},"south":{"uv":[32,47,34,49],"texture":"#0"},"west":{"uv":[17,47,32,49],"texture":"#0"},"up":{"uv":[17,47,15,32],"texture":"#0"},"down":{"uv":[19,32,17,47],"texture":"#0"}}},
    {"from":[0,18.1,0],"to":[15,20.1,2],"faces":{"north":{"uv":[62,2,77,4],"texture":"#0"},"east":{"uv":[60,2,62,4],"texture":"#0"},"south":{"uv":[79,2,94,4],"texture":"#0"},"west":{"uv":[77,2,79,4],"texture":"#0"},"up":{"uv":[77,2,62,0],"texture":"#0"},"down":{"uv":[92,0,77,2],"texture":"#0"}}},
    {"from":[8,-0.3,8.6],"to":[9,0.7,10.6],"faces":{"north":{"uv":[66,17,67,18],"texture":"#0"},"east":{"uv":[64,17,66,18],"texture":"#0"},"south":{"uv":[69,17,70,18],"texture":"#0"},"west":{"uv":[67,17,69,18],"texture":"#0"},"up":{"uv":[67,17,66,15],"texture":"#0"},"down":{"uv":[68,15,67,17],"texture":"#0"}}},
    {"from":[8,-0.3,10.2],"to":[9,2.7,11.2],"faces":{"north":{"uv":[65,19,66,22],"texture":"#0"},"east":{"uv":[64,19,65,22],"texture":"#0"},"south":{"uv":[67,19,68,22],"texture":"#0"},"west":{"uv":[66,19,67,22],"texture":"#0"},"up":{"uv":[66,19,65,18],"texture":"#0"},"down":{"uv":[67,18,66,19],"texture":"#0"}}},
    {"from":[15.5,19,0.5],"to":[16.5,20,1.5],"faces":{"north":{"uv":[65,27,66,28],"texture":"#0"},"east":{"uv":[64,27,65,28],"texture":"#0"},"south":{"uv":[67,27,68,28],"texture":"#0"},"west":{"uv":[66,27,67,28],"texture":"#0"},"up":{"uv":[66,27,65,26],"texture":"#0"},"down":{"uv":[67,26,66,27],"texture":"#0"}}},
    {"from":[0.5,19,0.5],"to":[1.5,20,1.5],"faces":{"north":{"uv":[65,33,66,34],"texture":"#0"},"east":{"uv":[64,33,65,34],"texture":"#0"},"south":{"uv":[67,33,68,34],"texture":"#0"},"west":{"uv":[66,33,67,34],"texture":"#0"},"up":{"uv":[66,33,65,32],"texture":"#0"},"down":{"uv":[67,32,66,33],"texture":"#0"}}},
    {"from":[0.5,19,15.5],"to":[1.5,20,16.5],"faces":{"north":{"uv":[66,28,67,29],"texture":"#0"},"east":{"uv":[65,28,66,29],"texture":"#0"},"south":{"uv":[68,28,69,29],"texture":"#0"},"west":{"uv":[67,28,68,29],"texture":"#0"},"up":{"uv":[67,28,66,27],"texture":"#0"},"down":{"uv":[68,27,67,28],"texture":"#0"}}},
    {"from":[15.5,19,15.5],"to":[16.5,20,16.5],"faces":{"north":{"uv":[31,32,32,33],"texture":"#0"},"east":{"uv":[30,32,31,33],"texture":"#0"},"south":{"uv":[33,32,34,33],"texture":"#0"},"west":{"uv":[32,32,33,33],"texture":"#0"},"up":{"uv":[32,32,31,31],"texture":"#0"},"down":{"uv":[33,31,32,32],"texture":"#0"}}},
    {"from":[8,22.6,8],"to":[9,23.6,9],"faces":{"north":{"uv":[1,3,2,4],"texture":"#0"},"east":{"uv":[0,3,1,4],"texture":"#0"},"south":{"uv":[3,3,4,4],"texture":"#0"},"west":{"uv":[2,3,3,4],"texture":"#0"},"up":{"uv":[2,3,1,2],"texture":"#0"},"down":{"uv":[3,2,2,3],"texture":"#0"}}}
  ],
  "display": {
    "thirdperson_righthand": {"rotation": [91.85, 2.49, 8.34], "translation": [-0.75, 1.75, 8.5], "scale": [1.2, 1, 1]},
    "thirdperson_lefthand": {"rotation": [56.82, 24.68, 45.7], "translation": [-6.25, -5.25, 11.5], "scale": [1.2, 1, 1]},
    "firstperson_righthand": {"rotation": [0, 45, 0], "translation": [0, 4, 0], "scale": [0.8, 0.8, 0.8]},
    "firstperson_lefthand": {"rotation": [0, 225, 0], "translation": [0, 4, 0], "scale": [0.8, 0.8, 0.8]},
    "ground": {"rotation": [0, 0, 0], "translation": [0, 2, 0], "scale": [0.5, 0.5, 0.5]},
    "gui": {"rotation": [30, 225, 0], "translation": [0, 0, 0], "scale": [0.6, 0.6, 0.6]},
    "fixed": {"scale": [0.5, 0.5, 0.5]}
  }
}
