{
	"format_version": "1.21.11",
	"credit": "Made with Blockbench",
	"texture_size": [64, 64],
	"textures": {
		"1": "block/texture"
	},
	"elements": [
		{
			"from": [7.5, 8, 8],
			"to": [8.5, 17, 9],
			"rotation": {"angle": 0, "axis": "y", "origin": [7.5, 1, 8]},
			"faces": {
				"north": {"uv": [9.75, 1.5, 10, 3.75], "texture": "#1"},
				"east": {"uv": [9.5, 1.5, 9.75, 3.75], "texture": "#1"},
				"south": {"uv": [10.25, 1.5, 10.5, 3.75], "texture": "#1"},
				"west": {"uv": [10, 1.5, 10.25, 3.75], "texture": "#1"},
				"up": {"uv": [10, 1.5, 9.75, 1.25], "texture": "#1"},
				"down": {"uv": [10.25, 1.25, 10, 1.5], "texture": "#1"}
			}
		},
		{
			"from": [7.5, -9, 8],
			"to": [8.5, 6, 9],
			"rotation": {"angle": 0, "axis": "y", "origin": [7.5, 1, 8]},
			"faces": {
				"north": {"uv": [9.25, 9.25, 9.5, 13], "texture": "#1"},
				"east": {"uv": [9, 9.25, 9.25, 13], "texture": "#1"},
				"south": {"uv": [9.75, 9.25, 10, 13], "texture": "#1"},
				"west": {"uv": [9.5, 9.25, 9.75, 13], "texture": "#1"},
				"up": {"uv": [9.5, 9.25, 9.25, 9], "texture": "#1"},
				"down": {"uv": [9.75, 9, 9.5, 9.25], "texture": "#1"}
			}
		},
		{
			"from": [7.3, 5.7, 7.8],
			"to": [8.7, 6.1, 9.2],
			"rotation": {"angle": 0, "axis": "y", "origin": [8, 14.4, 7.5]},
			"faces": {
				"north": {"uv": [0.5, 12.25, 1, 12.5], "texture": "#1"},
				"east": {"uv": [0, 12.25, 0.5, 12.5], "texture": "#1"},
				"south": {"uv": [1.5, 12.25, 2, 12.5], "texture": "#1"},
				"west": {"uv": [1, 12.25, 1.5, 12.5], "texture": "#1"},
				"up": {"uv": [1, 12.25, 0.5, 11.75], "texture": "#1"},
				"down": {"uv": [1.5, 11.75, 1, 12.25], "texture": "#1"}
			}
		},
		{
			"from": [7.3, 7.9, 7.8],
			"to": [8.7, 8.3, 9.2],
			"rotation": {"angle": 0, "axis": "y", "origin": [8, 16.6, 7.5]},
			"faces": {
				"north": {"uv": [12.5, 9.5, 13, 9.75], "texture": "#1"},
				"east": {"uv": [12, 9.5, 12.5, 9.75], "texture": "#1"},
				"south": {"uv": [13.5, 9.5, 14, 9.75], "texture": "#1"},
				"west": {"uv": [13, 9.5, 13.5, 9.75], "texture": "#1"},
				"up": {"uv": [13, 9.5, 12.5, 9], "texture": "#1"},
				"down": {"uv": [13.5, 9, 13, 9.5], "texture": "#1"}
			}
		},
		{
			"from": [8, 6, 7],
			"to": [8, 8, 10],
			"rotation": {"angle": 0, "axis": "y", "origin": [7, 15, 8]},
			"faces": {
				"north": {"uv": [12.75, 10.5, 12.75, 11], "texture": "#1"},
				"east": {"uv": [12, 10.5, 12.75, 11], "texture": "#1"},
				"south": {"uv": [13.5, 10.5, 13.5, 11], "texture": "#1"},
				"west": {"uv": [12.75, 10.5, 13.5, 11], "texture": "#1"},
				"up": {"uv": [12.75, 10.5, 12.75, 9.75], "texture": "#1"},
				"down": {"uv": [12.75, 9.75, 12.75, 10.5], "texture": "#1"}
			}
		},
		{
			"from": [6.5, 6, 8.5],
			"to": [9.5, 8, 8.5],
			"rotation": {"angle": 0, "axis": "y", "origin": [6.5, 15, 8.5]},
			"faces": {
				"north": {"uv": [5, 4.5, 5.75, 5], "texture": "#1"},
				"east": {"uv": [5, 4.5, 5, 5], "texture": "#1"},
				"south": {"uv": [5.75, 4.5, 6.5, 5], "texture": "#1"},
				"west": {"uv": [5.75, 4.5, 5.75, 5], "texture": "#1"},
				"up": {"uv": [5.75, 4.5, 5, 4.5], "texture": "#1"},
				"down": {"uv": [6.5, 4.5, 5.75, 4.5], "texture": "#1"}
			}
		},
		{
			"from": [7.95, -10.75, 10.25],
			"to": [8.05, -10.25, 10.75],
			"rotation": {"angle": 0, "axis": "y", "origin": [8.5, -1, 11]},
			"faces": {
				"north": {"uv": [8.75, 4.5, 8.89844, 4.75], "texture": "#1"},
				"east": {"uv": [8.5, 4.5, 8.75, 4.75], "texture": "#1"},
				"south": {"uv": [8.75, 4.75, 8.89844, 5], "texture": "#1"},
				"west": {"uv": [8.5, 4.75, 8.75, 5], "texture": "#1"},
				"up": {"uv": [1.14844, 12.75, 1, 12.5], "texture": "#1"},
				"down": {"uv": [12.64844, 1, 12.5, 1.25], "texture": "#1"}
			}
		},
		{
			"from": [7.9, -10.75, 11.5],
			"to": [8.1, -10.25, 12],
			"rotation": {"angle": 0, "axis": "y", "origin": [8.4, -1, 12.2]},
			"faces": {
				"north": {"uv": [8.75, 4.5, 8.89844, 4.75], "texture": "#1"},
				"east": {"uv": [8.5, 4.5, 8.75, 4.75], "texture": "#1"},
				"south": {"uv": [8.75, 4.75, 8.89844, 5], "texture": "#1"},
				"west": {"uv": [8.5, 4.75, 8.75, 5], "texture": "#1"},
				"up": {"uv": [1.14844, 12.75, 1, 12.5], "texture": "#1"},
				"down": {"uv": [12.64844, 1, 12.5, 1.25], "texture": "#1"}
			}
		},
		{
			"from": [8, -13, 9],
			"to": [8, -8, 13],
			"rotation": {"angle": 0, "axis": "y", "origin": [7, -2, 10]},
			"faces": {
				"north": {"uv": [1, 10.5, 1, 11.75], "texture": "#1"},
				"east": {"uv": [0, 10.5, 1, 11.75], "texture": "#1"},
				"south": {"uv": [2, 10.5, 2, 11.75], "texture": "#1"},
				"west": {"uv": [1, 10.5, 2, 11.75], "texture": "#1"},
				"up": {"uv": [1, 10.5, 1, 9.5], "texture": "#1"},
				"down": {"uv": [1, 9.5, 1, 10.5], "texture": "#1"}
			}
		},
		{
			"from": [7.25, -8.32107, 0.67893],
			"to": [8.75, -6.82107, 2.17893],
			"rotation": {"angle": -45, "axis": "x", "origin": [8, -0.5, 8.5]},
			"faces": {
				"north": {"uv": [2.5, 10, 3, 10.5], "texture": "#1"},
				"east": {"uv": [2, 10, 2.5, 10.5], "texture": "#1"},
				"south": {"uv": [3.5, 10, 4, 10.5], "texture": "#1"},
				"west": {"uv": [3, 10, 3.5, 10.5], "texture": "#1"},
				"up": {"uv": [3, 10, 2.5, 9.5], "texture": "#1"},
				"down": {"uv": [3.5, 9.5, 3, 10], "texture": "#1"}
			}
		},
		{
			"from": [7.301, -9.57007, 0.92993],
			"to": [8.699, -8.57207, 1.92793],
			"rotation": {"angle": -45, "axis": "x", "origin": [8.2, -2, 8.5]},
			"faces": {
				"north": {"uv": [4.5, 10, 5, 10.5], "texture": "#1"},
				"east": {"uv": [4, 10, 4.5, 10.5], "texture": "#1"},
				"south": {"uv": [5.5, 10, 6, 10.5], "texture": "#1"},
				"west": {"uv": [5, 10, 5.5, 10.5], "texture": "#1"},
				"up": {"uv": [5, 10, 4.5, 9.5], "texture": "#1"},
				"down": {"uv": [5.5, 9.5, 5, 10], "texture": "#1"}
			}
		},
		{
			"from": [7.301, -6.17007, 0.92993],
			"to": [8.699, -5.17207, 1.92793],
			"rotation": {"angle": -45, "axis": "x", "origin": [8.2, 1.4, 8.5]},
			"faces": {
				"north": {"uv": [6.5, 10, 7, 10.5], "texture": "#1"},
				"east": {"uv": [6, 10, 6.5, 10.5], "texture": "#1"},
				"south": {"uv": [7.5, 10, 8, 10.5], "texture": "#1"},
				"west": {"uv": [7, 10, 7.5, 10.5], "texture": "#1"},
				"up": {"uv": [7, 10, 6.5, 9.5], "texture": "#1"},
				"down": {"uv": [7.5, 9.5, 7, 10], "texture": "#1"}
			}
		},
		{
			"from": [7.3, -12, 7.8],
			"to": [8.7, -8.6, 9.2],
			"rotation": {"angle": 0, "axis": "y", "origin": [8, -2.3, 7.5]},
			"faces": {
				"north": {"uv": [10, 0.5, 10.5, 1.5], "texture": "#1"},
				"east": {"uv": [9.5, 0.5, 10, 1.5], "texture": "#1"},
				"south": {"uv": [11, 0.5, 11.5, 1.5], "texture": "#1"},
				"west": {"uv": [10.5, 0.5, 11, 1.5], "texture": "#1"},
				"up": {"uv": [10.5, 0.5, 10, 0], "texture": "#1"},
				"down": {"uv": [11, 0, 10.5, 0.5], "texture": "#1"}
			}
		},
		{
			"from": [14.71307, 25.37293, 8.002],
			"to": [15.42907, 26.08893, 8.998],
			"rotation": {"angle": -45, "axis": "z", "origin": [8, 32.8, 8.4]},
			"faces": {
				"north": {"uv": [6.75, 4.75, 7, 5], "texture": "#1"},
				"east": {"uv": [6.5, 4.75, 6.75, 5], "texture": "#1"},
				"south": {"uv": [7.25, 4.75, 7.5, 5], "texture": "#1"},
				"west": {"uv": [7, 4.75, 7.25, 5], "texture": "#1"},
				"up": {"uv": [7, 4.75, 6.75, 4.5], "texture": "#1"},
				"down": {"uv": [7.25, 4.5, 7, 4.75], "texture": "#1"}
			}
		},
		{
			"from": [7.5, 20.5, 8],
			"to": [8.5, 22.8, 9],
			"rotation": {"angle": 0, "axis": "y", "origin": [9.5, 30.5, 9]},
			"faces": {
				"north": {"uv": [9.75, 4, 10, 4.5], "texture": "#1"},
				"east": {"uv": [9.5, 4, 9.75, 4.5], "texture": "#1"},
				"south": {"uv": [10.25, 4, 10.5, 4.5], "texture": "#1"},
				"west": {"uv": [10, 4, 10.25, 4.5], "texture": "#1"},
				"up": {"uv": [10, 4, 9.75, 3.75], "texture": "#1"},
				"down": {"uv": [10.25, 3.75, 10, 4], "texture": "#1"}
			}
		},
		{
			"from": [7.3, 16.3, 7.8],
			"to": [8.7, 17.7, 9.2],
			"rotation": {"angle": 0, "axis": "y", "origin": [8, 28, 8.5]},
			"faces": {
				"north": {"uv": [10.5, 9.5, 11, 10], "texture": "#1"},
				"east": {"uv": [10, 9.5, 10.5, 10], "texture": "#1"},
				"south": {"uv": [11.5, 9.5, 12, 10], "texture": "#1"},
				"west": {"uv": [11, 9.5, 11.5, 10], "texture": "#1"},
				"up": {"uv": [11, 9.5, 10.5, 9], "texture": "#1"},
				"down": {"uv": [11.5, 9, 11, 9.5], "texture": "#1"}
			}
		},
		{
			"from": [7.3, 19.7, 7.8],
			"to": [8.7, 21.1, 9.2],
			"rotation": {"angle": 0, "axis": "y", "origin": [8, 28.4, 8.5]},
			"faces": {
				"north": {"uv": [10.5, 10.5, 11, 11], "texture": "#1"},
				"east": {"uv": [10, 10.5, 10.5, 11], "texture": "#1"},
				"south": {"uv": [11.5, 10.5, 12, 11], "texture": "#1"},
				"west": {"uv": [11, 10.5, 11.5, 11], "texture": "#1"},
				"up": {"uv": [11, 10.5, 10.5, 10], "texture": "#1"},
				"down": {"uv": [11.5, 10, 11, 10.5], "texture": "#1"}
			}
		},
		{
			"from": [7.301, 18.72993, 0.92993],
			"to": [8.699, 19.72793, 1.92793],
			"rotation": {"angle": -45, "axis": "x", "origin": [8.2, 26.3, 8.5]},
			"faces": {
				"north": {"uv": [11, 2, 11.5, 2.5], "texture": "#1"},
				"east": {"uv": [10.5, 2, 11, 2.5], "texture": "#1"},
				"south": {"uv": [12, 2, 12.5, 2.5], "texture": "#1"},
				"west": {"uv": [11.5, 2, 12, 2.5], "texture": "#1"},
				"up": {"uv": [11.5, 2, 11, 1.5], "texture": "#1"},
				"down": {"uv": [12, 1.5, 11.5, 2], "texture": "#1"}
			}
		},
		{
			"from": [7.401, 24.62993, 0.92993],
			"to": [8.599, 25.62793, 1.92793],
			"rotation": {"angle": -45, "axis": "x", "origin": [8.2, 32.2, 8.5]},
			"faces": {
				"north": {"uv": [2.5, 11, 3, 11.5], "texture": "#1"},
				"east": {"uv": [2, 11, 2.5, 11.5], "texture": "#1"},
				"south": {"uv": [3.5, 11, 4, 11.5], "texture": "#1"},
				"west": {"uv": [3, 11, 3.5, 11.5], "texture": "#1"},
				"up": {"uv": [3, 11, 2.5, 10.5], "texture": "#1"},
				"down": {"uv": [3.5, 10.5, 3, 11], "texture": "#1"}
			}
		},
		{
			"from": [12.87406, 21.21874, 8.21],
			"to": [13.45406, 22.79874, 8.79],
			"rotation": {"angle": -34.5, "axis": "z", "origin": [7.51748, 30.10686, 8.5]},
			"faces": {
				"north": {"uv": [8.25, 9.75, 8.5, 10.25], "texture": "#1"},
				"east": {"uv": [8, 9.75, 8.25, 10.25], "texture": "#1"},
				"south": {"uv": [8.75, 9.75, 9, 10.25], "texture": "#1"},
				"west": {"uv": [8.5, 9.75, 8.75, 10.25], "texture": "#1"},
				"up": {"uv": [8.5, 9.75, 8.25, 9.5], "texture": "#1"},
				"down": {"uv": [8.75, 9.5, 8.5, 9.75], "texture": "#1"}
			}
		},
		{
			"from": [2.76342, 21.2756, 8.21],
			"to": [3.34342, 22.8556, 8.79],
			"rotation": {"angle": 34.5, "axis": "z", "origin": [8.71748, 29.80686, 8.5]},
			"faces": {
				"north": {"uv": [8.25, 10.5, 8.5, 11], "texture": "#1"},
				"east": {"uv": [8, 10.5, 8.25, 11], "texture": "#1"},
				"south": {"uv": [8.75, 10.5, 9, 11], "texture": "#1"},
				"west": {"uv": [8.5, 10.5, 8.75, 11], "texture": "#1"},
				"up": {"uv": [8.5, 10.5, 8.25, 10.25], "texture": "#1"},
				"down": {"uv": [8.75, 10.25, 8.5, 10.5], "texture": "#1"}
			}
		},
		{
			"from": [10.05048, 18.33714, 8.2],
			"to": [10.65048, 19.93714, 8.8],
			"rotation": {"angle": -9.5, "axis": "z", "origin": [8.7, 29, 8.5]},
			"faces": {
				"north": {"uv": [8.25, 11.25, 8.5, 11.75], "texture": "#1"},
				"east": {"uv": [8, 11.25, 8.25, 11.75], "texture": "#1"},
				"south": {"uv": [8.75, 11.25, 9, 11.75], "texture": "#1"},
				"west": {"uv": [8.5, 11.25, 8.75, 11.75], "texture": "#1"},
				"up": {"uv": [8.5, 11.25, 8.25, 11], "texture": "#1"},
				"down": {"uv": [8.75, 11, 8.5, 11.25], "texture": "#1"}
			}
		},
		{
			"from": [5.34952, 18.33714, 8.2],
			"to": [5.94952, 19.93714, 8.8],
			"rotation": {"angle": 9.5, "axis": "z", "origin": [7.3, 29, 8.5]},
			"faces": {
				"north": {"uv": [8.25, 12, 8.5, 12.5], "texture": "#1"},
				"east": {"uv": [8, 12, 8.25, 12.5], "texture": "#1"},
				"south": {"uv": [8.75, 12, 9, 12.5], "texture": "#1"},
				"west": {"uv": [8.5, 12, 8.75, 12.5], "texture": "#1"},
				"up": {"uv": [8.5, 12, 8.25, 11.75], "texture": "#1"},
				"down": {"uv": [8.75, 11.75, 8.5, 12], "texture": "#1"}
			}
		},
		{
			"from": [7.7, 18.33714, 10.55048],
			"to": [8.3, 19.93714, 11.15048],
			"rotation": {"angle": 9.5, "axis": "x", "origin": [8, 29, 9.2]},
			"faces": {
				"north": {"uv": [12.25, 12, 12.5, 12.5], "texture": "#1"},
				"east": {"uv": [12, 12, 12.25, 12.5], "texture": "#1"},
				"south": {"uv": [12.75, 12, 13, 12.5], "texture": "#1"},
				"west": {"uv": [12.5, 12, 12.75, 12.5], "texture": "#1"},
				"up": {"uv": [12.5, 12, 12.25, 11.75], "texture": "#1"},
				"down": {"uv": [12.75, 11.75, 12.5, 12], "texture": "#1"}
			}
		},
		{
			"from": [7.71, 20.37806, 5.13317],
			"to": [8.29, 20.95806, 5.71317],
			"rotation": {"angle": -22.5, "axis": "x", "origin": [8, 29.90686, 9.28252]},
			"faces": {
				"north": {"uv": [7.75, 4.75, 8, 5], "texture": "#1"},
				"east": {"uv": [7.5, 4.75, 7.75, 5], "texture": "#1"},
				"south": {"uv": [8.25, 4.75, 8.5, 5], "texture": "#1"},
				"west": {"uv": [8, 4.75, 8.25, 5], "texture": "#1"},
				"up": {"uv": [8, 4.75, 7.75, 4.5], "texture": "#1"},
				"down": {"uv": [8.25, 4.5, 8, 4.75], "texture": "#1"}
			}
		},
		{
			"from": [7.71, 20.19045, 10.80807],
			"to": [8.29, 20.77045, 11.38807],
			"rotation": {"angle": 19.5, "axis": "x", "origin": [8, 29.90686, 7.78252]},
			"faces": {
				"north": {"uv": [11.75, 1.25, 12, 1.5], "texture": "#1"},
				"east": {"uv": [11.5, 1.25, 11.75, 1.5], "texture": "#1"},
				"south": {"uv": [12.25, 1.25, 12.5, 1.5], "texture": "#1"},
				"west": {"uv": [12, 1.25, 12.25, 1.5], "texture": "#1"},
				"up": {"uv": [12, 1.25, 11.75, 1], "texture": "#1"},
				"down": {"uv": [12.25, 1, 12, 1.25], "texture": "#1"}
			}
		},
		{
			"from": [7.7, 18.33714, 5.84952],
			"to": [8.3, 19.93714, 6.44952],
			"rotation": {"angle": -9.5, "axis": "x", "origin": [8, 29, 7.8]},
			"faces": {
				"north": {"uv": [0.25, 12.75, 0.5, 13.25], "texture": "#1"},
				"east": {"uv": [0, 12.75, 0.25, 13.25], "texture": "#1"},
				"south": {"uv": [0.75, 12.75, 1, 13.25], "texture": "#1"},
				"west": {"uv": [0.5, 12.75, 0.75, 13.25], "texture": "#1"},
				"up": {"uv": [0.5, 12.75, 0.25, 12.5], "texture": "#1"},
				"down": {"uv": [0.75, 12.5, 0.5, 12.75], "texture": "#1"}
			}
		},
		{
			"from": [7.2, 17.7, 7.7],
			"to": [8.8, 18.3, 9.3],
			"rotation": {"angle": 0, "axis": "y", "origin": [8, 26.5, 7.5]},
			"faces": {
				"north": {"uv": [10.5, 12.5, 11, 12.75], "texture": "#1"},
				"east": {"uv": [10, 12.5, 10.5, 12.75], "texture": "#1"},
				"south": {"uv": [11.5, 12.5, 12, 12.75], "texture": "#1"},
				"west": {"uv": [11, 12.5, 11.5, 12.75], "texture": "#1"},
				"up": {"uv": [11, 12.5, 10.5, 12], "texture": "#1"},
				"down": {"uv": [11.5, 12, 11, 12.5], "texture": "#1"}
			}
		},
		{
			"from": [7.2, 19.5, 7.7],
			"to": [8.8, 20.1, 9.3],
			"rotation": {"angle": 0, "axis": "y", "origin": [8, 28.3, 7.5]},
			"faces": {
				"north": {"uv": [12.5, 11.5, 13, 11.75], "texture": "#1"},
				"east": {"uv": [12, 11.5, 12.5, 11.75], "texture": "#1"},
				"south": {"uv": [13.5, 11.5, 14, 11.75], "texture": "#1"},
				"west": {"uv": [13, 11.5, 13.5, 11.75], "texture": "#1"},
				"up": {"uv": [13, 11.5, 12.5, 11], "texture": "#1"},
				"down": {"uv": [13.5, 11, 13, 11.5], "texture": "#1"}
			}
		},
		{
			"from": [7.291, 20.191, 8.691],
			"to": [8.709, 21.609, 10.109],
			"rotation": {"x": 57, "y": 0, "z": 0, "origin": [8, 20.9, 9.4]},
			"faces": {
				"north": {"uv": [11, 3, 11.5, 3.5], "texture": "#1"},
				"east": {"uv": [10.5, 3, 11, 3.5], "texture": "#1"},
				"south": {"uv": [12, 3, 12.5, 3.5], "texture": "#1"},
				"west": {"uv": [11.5, 3, 12, 3.5], "texture": "#1"},
				"up": {"uv": [11.5, 3, 11, 2.5], "texture": "#1"},
				"down": {"uv": [12, 2.5, 11.5, 3], "texture": "#1"}
			}
		},
		{
			"from": [7.46, 20.76, 9.56],
			"to": [8.54, 21.84, 10.64],
			"rotation": {"angle": -1, "axis": "x", "origin": [8, 21.3, 10.1]},
			"faces": {
				"north": {"uv": [11, 4, 11.5, 4.5], "texture": "#1"},
				"east": {"uv": [10.5, 4, 11, 4.5], "texture": "#1"},
				"south": {"uv": [12, 4, 12.5, 4.5], "texture": "#1"},
				"west": {"uv": [11.5, 4, 12, 4.5], "texture": "#1"},
				"up": {"uv": [11.5, 4, 11, 3.5], "texture": "#1"},
				"down": {"uv": [12, 3.5, 11.5, 4], "texture": "#1"}
			}
		},
		{
			"from": [7.6, 20.8, 10.2],
			"to": [8.4, 21.6, 11],
			"rotation": {"x": 126, "y": 0, "z": 0, "origin": [8, 21.2, 10.6]},
			"faces": {
				"north": {"uv": [4.5, 11, 5, 11.5], "texture": "#1"},
				"east": {"uv": [4, 11, 4.5, 11.5], "texture": "#1"},
				"south": {"uv": [5.5, 11, 6, 11.5], "texture": "#1"},
				"west": {"uv": [5, 11, 5.5, 11.5], "texture": "#1"},
				"up": {"uv": [5, 11, 4.5, 10.5], "texture": "#1"},
				"down": {"uv": [5.5, 10.5, 5, 11], "texture": "#1"}
			}
		},
		{
			"from": [7.7, 20.6, 10.7],
			"to": [8.3, 21.2, 11.3],
			"rotation": {"x": 146, "y": 0, "z": 0, "origin": [8, 20.9, 11]},
			"faces": {
				"north": {"uv": [6.5, 11, 7, 11.5], "texture": "#1"},
				"east": {"uv": [6, 11, 6.5, 11.5], "texture": "#1"},
				"south": {"uv": [7.5, 11, 8, 11.5], "texture": "#1"},
				"west": {"uv": [7, 11, 7.5, 11.5], "texture": "#1"},
				"up": {"uv": [7, 11, 6.5, 10.5], "texture": "#1"},
				"down": {"uv": [7.5, 10.5, 7, 11], "texture": "#1"}
			}
		},
		{
			"from": [7.8, 20.4, 11],
			"to": [8.2, 20.8, 11.4],
			"rotation": {"x": 171, "y": 0, "z": 0, "origin": [8, 20.6, 11.2]},
			"faces": {
				"north": {"uv": [10.5, 11.5, 11, 12], "texture": "#1"},
				"east": {"uv": [10, 11.5, 10.5, 12], "texture": "#1"},
				"south": {"uv": [11.5, 11.5, 12, 12], "texture": "#1"},
				"west": {"uv": [11, 11.5, 11.5, 12], "texture": "#1"},
				"up": {"uv": [11, 11.5, 10.5, 11], "texture": "#1"},
				"down": {"uv": [11.5, 11, 11, 11.5], "texture": "#1"}
			}
		},
		{
			"from": [7.61, 21.41, 9.81],
			"to": [8.39, 22.19, 10.59],
			"rotation": {"angle": 44, "axis": "x", "origin": [8, 21.8, 10.2]},
			"faces": {
				"north": {"uv": [12, 0.5, 12.5, 1], "texture": "#1"},
				"east": {"uv": [11.5, 0.5, 12, 1], "texture": "#1"},
				"south": {"uv": [13, 0.5, 13.5, 1], "texture": "#1"},
				"west": {"uv": [12.5, 0.5, 13, 1], "texture": "#1"},
				"up": {"uv": [12.5, 0.5, 12, 0], "texture": "#1"},
				"down": {"uv": [13, 0, 12.5, 0.5], "texture": "#1"}
			}
		},
		{
			"from": [7.7, 21.8, 10.3],
			"to": [8.3, 22.4, 10.9],
			"rotation": {"x": 163, "y": 0, "z": 0, "origin": [8, 22.1, 10.6]},
			"faces": {
				"north": {"uv": [2.5, 12, 3, 12.5], "texture": "#1"},
				"east": {"uv": [2, 12, 2.5, 12.5], "texture": "#1"},
				"south": {"uv": [3.5, 12, 4, 12.5], "texture": "#1"},
				"west": {"uv": [3, 12, 3.5, 12.5], "texture": "#1"},
				"up": {"uv": [3, 12, 2.5, 11.5], "texture": "#1"},
				"down": {"uv": [3.5, 11.5, 3, 12], "texture": "#1"}
			}
		},
		{
			"from": [7.8, 21.95076, 10.79132],
			"to": [8.2, 22.35076, 11.19132],
			"rotation": {"x": -170, "y": 0, "z": 0, "origin": [8, 22.15076, 10.99132]},
			"faces": {
				"north": {"uv": [4.5, 12, 5, 12.5], "texture": "#1"},
				"east": {"uv": [4, 12, 4.5, 12.5], "texture": "#1"},
				"south": {"uv": [5.5, 12, 6, 12.5], "texture": "#1"},
				"west": {"uv": [5, 12, 5.5, 12.5], "texture": "#1"},
				"up": {"uv": [5, 12, 4.5, 11.5], "texture": "#1"},
				"down": {"uv": [5.5, 11.5, 5, 12], "texture": "#1"}
			}
		},
		{
			"from": [7.291, 20.191, 6.86817],
			"to": [8.709, 21.609, 8.28617],
			"rotation": {"x": 57, "y": -180, "z": 0, "origin": [8, 20.9, 7.57717]},
			"faces": {
				"north": {"uv": [11.5, 3, 11, 3.5], "texture": "#1"},
				"east": {"uv": [12, 3, 11.5, 3.5], "texture": "#1"},
				"south": {"uv": [12.5, 3, 12, 3.5], "texture": "#1"},
				"west": {"uv": [11, 3, 10.5, 3.5], "texture": "#1"},
				"up": {"uv": [11, 3, 11.5, 2.5], "texture": "#1"},
				"down": {"uv": [11.5, 2.5, 12, 3], "texture": "#1"}
			}
		},
		{
			"from": [7.46, 20.76, 6.33717],
			"to": [8.54, 21.84, 7.41717],
			"rotation": {"x": -1, "y": -180, "z": 0, "origin": [8, 21.3, 6.87717]},
			"faces": {
				"north": {"uv": [11.5, 4, 11, 4.5], "texture": "#1"},
				"east": {"uv": [12, 4, 11.5, 4.5], "texture": "#1"},
				"south": {"uv": [12.5, 4, 12, 4.5], "texture": "#1"},
				"west": {"uv": [11, 4, 10.5, 4.5], "texture": "#1"},
				"up": {"uv": [11, 4, 11.5, 3.5], "texture": "#1"},
				"down": {"uv": [11.5, 3.5, 12, 4], "texture": "#1"}
			}
		},
		{
			"from": [7.6, 20.8, 5.97717],
			"to": [8.4, 21.6, 6.77717],
			"rotation": {"x": 126, "y": -180, "z": 0, "origin": [8, 21.2, 6.37717]},
			"faces": {
				"north": {"uv": [5, 11, 4.5, 11.5], "texture": "#1"},
				"east": {"uv": [5.5, 11, 5, 11.5], "texture": "#1"},
				"south": {"uv": [6, 11, 5.5, 11.5], "texture": "#1"},
				"west": {"uv": [4.5, 11, 4, 11.5], "texture": "#1"},
				"up": {"uv": [4.5, 11, 5, 10.5], "texture": "#1"},
				"down": {"uv": [5, 10.5, 5.5, 11], "texture": "#1"}
			}
		},
		{
			"from": [7.7, 20.6, 5.67717],
			"to": [8.3, 21.2, 6.27717],
			"rotation": {"x": 146, "y": -180, "z": 0, "origin": [8, 20.9, 5.97717]},
			"faces": {
				"north": {"uv": [7, 11, 6.5, 11.5], "texture": "#1"},
				"east": {"uv": [7.5, 11, 7, 11.5], "texture": "#1"},
				"south": {"uv": [8, 11, 7.5, 11.5], "texture": "#1"},
				"west": {"uv": [6.5, 11, 6, 11.5], "texture": "#1"},
				"up": {"uv": [6.5, 11, 7, 10.5], "texture": "#1"},
				"down": {"uv": [7, 10.5, 7.5, 11], "texture": "#1"}
			}
		},
		{
			"from": [7.8, 20.4, 5.57717],
			"to": [8.2, 20.8, 5.97717],
			"rotation": {"x": 171, "y": -180, "z": 0, "origin": [8, 20.6, 5.77717]},
			"faces": {
				"north": {"uv": [11, 11.5, 10.5, 12], "texture": "#1"},
				"east": {"uv": [11.5, 11.5, 11, 12], "texture": "#1"},
				"south": {"uv": [12, 11.5, 11.5, 12], "texture": "#1"},
				"west": {"uv": [10.5, 11.5, 10, 12], "texture": "#1"},
				"up": {"uv": [10.5, 11.5, 11, 11], "texture": "#1"},
				"down": {"uv": [11, 11, 11.5, 11.5], "texture": "#1"}
			}
		},
		{
			"from": [7.61, 21.41, 6.38717],
			"to": [8.39, 22.19, 7.16717],
			"rotation": {"x": 44, "y": -180, "z": 0, "origin": [8, 21.8, 6.77717]},
			"faces": {
				"north": {"uv": [12.5, 0.5, 12, 1], "texture": "#1"},
				"east": {"uv": [13, 0.5, 12.5, 1], "texture": "#1"},
				"south": {"uv": [13.5, 0.5, 13, 1], "texture": "#1"},
				"west": {"uv": [12, 0.5, 11.5, 1], "texture": "#1"},
				"up": {"uv": [12, 0.5, 12.5, 0], "texture": "#1"},
				"down": {"uv": [12.5, 0, 13, 0.5], "texture": "#1"}
			}
		},
		{
			"from": [7.7, 21.8, 6.07717],
			"to": [8.3, 22.4, 6.67717],
			"rotation": {"x": 163, "y": -180, "z": 0, "origin": [8, 22.1, 6.37717]},
			"faces": {
				"north": {"uv": [3, 12, 2.5, 12.5], "texture": "#1"},
				"east": {"uv": [3.5, 12, 3, 12.5], "texture": "#1"},
				"south": {"uv": [4, 12, 3.5, 12.5], "texture": "#1"},
				"west": {"uv": [2.5, 12, 2, 12.5], "texture": "#1"},
				"up": {"uv": [2.5, 12, 3, 11.5], "texture": "#1"},
				"down": {"uv": [3, 11.5, 3.5, 12], "texture": "#1"}
			}
		},
		{
			"from": [7.8, 21.95076, 5.78585],
			"to": [8.2, 22.35076, 6.18585],
			"rotation": {"x": -170, "y": -180, "z": 0, "origin": [8, 22.15076, 5.98585]},
			"faces": {
				"north": {"uv": [5, 12, 4.5, 12.5], "texture": "#1"},
				"east": {"uv": [5.5, 12, 5, 12.5], "texture": "#1"},
				"south": {"uv": [6, 12, 5.5, 12.5], "texture": "#1"},
				"west": {"uv": [4.5, 12, 4, 12.5], "texture": "#1"},
				"up": {"uv": [4.5, 12, 5, 11.5], "texture": "#1"},
				"down": {"uv": [5, 11.5, 5.5, 12], "texture": "#1"}
			}
		},
		{
			"from": [8.02, 21.9, 4],
			"to": [8.02, 30.9, 13],
			"rotation": {"angle": 45, "axis": "x", "origin": [8.02, 26.4, 8.5]},
			"faces": {
				"north": {"uv": [2.25, 7.25, 2.25, 9.5], "texture": "#1"},
				"east": {"uv": [0, 7.25, 2.25, 9.5], "texture": "#1"},
				"south": {"uv": [4.5, 7.25, 4.5, 9.5], "texture": "#1"},
				"west": {"uv": [2.25, 7.25, 4.5, 9.5], "texture": "#1"},
				"up": {"uv": [2.25, 7.25, 2.25, 5], "texture": "#1"},
				"down": {"uv": [2.25, 5, 2.25, 7.25], "texture": "#1"}
			}
		},
		{
			"from": [8.01, 22.6, 4],
			"to": [8.01, 31.6, 13],
			"rotation": {"angle": 0, "axis": "y", "origin": [8.01, 27.1, 8.5]},
			"faces": {
				"north": {"uv": [7.25, 2.25, 7.25, 4.5], "texture": "#1"},
				"east": {"uv": [5, 2.25, 7.25, 4.5], "texture": "#1"},
				"south": {"uv": [9.5, 2.25, 9.5, 4.5], "texture": "#1"},
				"west": {"uv": [7.25, 2.25, 9.5, 4.5], "texture": "#1"},
				"up": {"uv": [7.25, 2.25, 7.25, 0], "texture": "#1"},
				"down": {"uv": [7.25, 0, 7.25, 2.25], "texture": "#1"}
			}
		},
		{
			"from": [8, 20.69289, 3.5],
			"to": [8, 30.69289, 13.5],
			"rotation": {"angle": 45, "axis": "x", "origin": [8, 25.69289, 8.5]},
			"faces": {
				"north": {"uv": [2.5, 2.5, 2.5, 5], "texture": "#1"},
				"east": {"uv": [0, 2.5, 2.5, 5], "texture": "#1"},
				"south": {"uv": [5, 2.5, 5, 5], "texture": "#1"},
				"west": {"uv": [2.5, 2.5, 5, 5], "texture": "#1"},
				"up": {"uv": [2.5, 2.5, 2.5, 0], "texture": "#1"},
				"down": {"uv": [2.5, 0, 2.5, 2.5], "texture": "#1"}
			}
		},
		{
			"from": [7.99, 22.6, 4],
			"to": [7.99, 31.6, 13],
			"rotation": {"angle": 0, "axis": "y", "origin": [7.99, 27.1, 8.5]},
			"faces": {
				"north": {"uv": [6.75, 7.25, 6.75, 9.5], "texture": "#1"},
				"east": {"uv": [4.5, 7.25, 6.75, 9.5], "texture": "#1"},
				"south": {"uv": [9, 7.25, 9, 9.5], "texture": "#1"},
				"west": {"uv": [6.75, 7.25, 9, 9.5], "texture": "#1"},
				"up": {"uv": [6.75, 7.25, 6.75, 5], "texture": "#1"},
				"down": {"uv": [6.75, 5, 6.75, 7.25], "texture": "#1"}
			}
		},
		{
			"from": [7.98, 21.9, 4],
			"to": [7.98, 30.9, 13],
			"rotation": {"angle": 45, "axis": "x", "origin": [7.98, 26.4, 8.5]},
			"faces": {
				"north": {"uv": [11.25, 6.75, 11.25, 9], "texture": "#1"},
				"east": {"uv": [9, 6.75, 11.25, 9], "texture": "#1"},
				"south": {"uv": [13.5, 6.75, 13.5, 9], "texture": "#1"},
				"west": {"uv": [11.25, 6.75, 13.5, 9], "texture": "#1"},
				"up": {"uv": [11.25, 6.75, 11.25, 4.5], "texture": "#1"},
				"down": {"uv": [11.25, 4.5, 11.25, 6.75], "texture": "#1"}
			}
		},
		{
			"from": [7.3, 28.3, 7.8],
			"to": [8.7, 29.7, 9.2],
			"rotation": {"x": -3.40484, "y": 43.20658, "z": 53.28246, "origin": [8, 29, 8.5]},
			"faces": {
				"north": {"uv": [6.5, 12, 7, 12.5], "texture": "#1"},
				"east": {"uv": [6, 12, 6.5, 12.5], "texture": "#1"},
				"south": {"uv": [7.5, 12, 8, 12.5], "texture": "#1"},
				"west": {"uv": [7, 12, 7.5, 12.5], "texture": "#1"},
				"up": {"uv": [7, 12, 6.5, 11.5], "texture": "#1"},
				"down": {"uv": [7.5, 11.5, 7, 12], "texture": "#1"}
			}
		}
	],
	"display": {
		"thirdperson_righthand": {
			"rotation": [131.5, 86.72, -94.52],
			"translation": [-0.25, 1.25, 3.75]
		},
		"thirdperson_lefthand": {
			"rotation": [-22.3, 43.43, 87.56],
			"translation": [-5.75, -7.25, 6.25]
		},
		"firstperson_righthand": {
			"rotation": [-180, 87.75, -180],
			"translation": [0.75, 7.75, 0]
		},
		"firstperson_lefthand": {
			"translation": [19, 4.75, -3.75]
		},
		"ground": {
			"rotation": [0, 0, 91.65],
			"scale": [0.48, 0.48, 0.48]
		},
		"gui": {
			"rotation": [67, 40, -72],
			"translation": [-0.25, -0.25, 0],
			"scale": [0.39, 0.39, 0.39]
		},
		"fixed": {
			"rotation": [-88.59, 44.96, 89],
			"scale": [0.55, 0.55, 0.55]
		},
		"on_shelf": {
			"rotation": [0, -92, 0],
			"translation": [0, 0, -2.75],
			"scale": [1, 0.58, 1]
		}
	},
	"groups": [
		{
			"name": "group9",
			"origin": [0, 1, 0],
			"color": 0,
			"children": [
				{
					"name": "group",
					"origin": [0, 1, 0],
					"color": 0,
					"children": [
						0,
						1,
						2,
						3,
						4,
						5,
						{
							"name": "group6",
							"origin": [0, 1.1, 0],
							"color": 0,
							"children": [6, 7, 8, 9, 10, 11, 12]
						}
					]
				},
				{
					"name": "group2",
					"origin": [0.5, 29.9, 1.4],
					"color": 0,
					"children": [
						13,
						14,
						15,
						16,
						17,
						18,
						{
							"name": "group8",
							"origin": [0, -5, 0],
							"color": 0,
							"children": [19, 20, 21, 22, 23, 24, 25, 26, 27, 28]
						},
						{
							"name": "group7",
							"origin": [0.5, 30.9, 1.4],
							"color": 0,
							"children": [
								{
									"name": "group3",
									"origin": [0.5, 30.9, -0.7],
									"color": 0,
									"children": [29, 30, 31, 32, 33, 34, 35, 36]
								},
								{
									"name": "group12",
									"origin": [0.5, 21.36884, 0.48859],
									"color": 0,
									"children": [37, 38, 39, 40, 41, 42, 43, 44]
								}
							]
						},
						{
							"name": "group5",
							"origin": [0.5, 29.9, 1.4],
							"color": 0,
							"children": [45, 46, 47, 48, 49, 50]
						}
					]
				}
			]
		}
	]
}