{"sources":[{"type":"single","resource":"block/dark_oak_planks"},{"type":"single","resource":"hats:item/bear_hat"},{"type":"single","resource":"hats2:00d10013-ce25-4ac4-9fe5-726eb3579f81"},{"type":"single","resource":"item/chainmail_boots"},{"type":"single","resource":"item/chainmail_chestplate"},{"type":"single","resource":"item/chainmail_helmet"},{"type":"single","resource":"item/chainmail_leggings"},{"type":"single","resource":"item/crossbow_standby"},{"type":"single","resource":"item/diamond_horse_armor"},{"type":"single","resource":"hats:item/diving_glasses"},{"type":"single","resource":"hats:item/ear_1"},{"type":"single","resource":"hats:item/ear_2"},{"type":"single","resource":"item/elytra"},{"type":"single","resource":"hats:item/headphone"},{"type":"single","resource":"hats:item/horn_hat"},{"type":"single","resource":"item/leather_helmet"},{"type":"single","resource":"item/leather_helmet_overlay"},{"type":"single","resource":"hats:item/mask"},{"type":"single","resource":"hats2:84e15ce5-8612-460e-9b51-6850a16c9a01"},{"type":"single","resource":"item/netherite_axe"},{"type":"single","resource":"item/netherite_hoe"},{"type":"single","resource":"item/netherite_pickaxe"},{"type":"single","resource":"item/netherite_shovel"},{"type":"single","resource":"item/netherite_sword"},{"type":"single","resource":"nexo:55ca49d3-6729-41fe-a6a7-c068df3166e3"},{"type":"single","resource":"nexo:fd7050d8-7c9f-4c39-b51a-ab015554c2ee"},{"type":"single","resource":"nexo:1d0c6a63-002e-4663-99cd-3c110e9c2bd8"},{"type":"single","resource":"nexo:770b9dfd-02b5-4df6-8217-f4cb49c5f3b2"},{"type":"single","resource":"nexo:310698c4-a613-482b-9843-a93c305cd041"},{"type":"single","resource":"nexo:928583f6-2370-4420-b1c6-e924e67769b6"},{"type":"single","resource":"nexo:8a3b5c0a-c9c1-450c-8677-606a1b447a76"},{"type":"single","resource":"nexo:b1830470-9c7d-44be-bba2-3ef944d06256"},{"type":"single","resource":"nexo:3d1df470-81b6-4810-9470-8a6b140dc5e3"},{"type":"single","resource":"nexo:0cac5645-73c1-419a-b1cb-e50131cdd12b"},{"type":"single","resource":"nexo:20368d52-af9c-4ae1-b45d-87f886c90ede"},{"type":"single","resource":"nexo:de286e35-58d0-4987-841e-246a53278b0c"},{"type":"single","resource":"nexo:89ee6c37-8ffc-4d7b-ba73-321b26843ec9"},{"type":"single","resource":"nexo:f6e57818-b954-45df-bed6-599c16842c9f"},{"type":"single","resource":"nexo:a6dc66cc-ada1-4c10-9f4f-566c5c3cfe02"},{"type":"single","resource":"nexo:ac1f528a-123b-45a4-be19-c9ab639f2ae7"},{"type":"single","resource":"nexo:c1027c0a-e87e-496c-97fd-d0217c622874"},{"type":"single","resource":"nexo:aa4a69cc-32d1-425d-a07d-5f5c6b4deea0"},{"type":"single","resource":"nexo:f366aa7f-1ce4-45e2-8811-13fc5c7bee3a"},{"type":"single","resource":"nexo:02e1f86c-7452-4853-9b0e-3ae845802d59"},{"type":"single","resource":"nexo:34f1a016-3550-45b2-983a-c25312db1b64"},{"type":"single","resource":"nexo:0f86b1e6-b3a5-46fe-880e-163b68e97591"},{"type":"single","resource":"nexo:a5cee6ee-eaa6-4daf-aa90-aeb975ae4588"},{"type":"single","resource":"nexo:d47aa026-21f5-42fa-91e6-0c3edc3a558c"},{"type":"single","resource":"nexo:4b466209-36d3-4711-bcbf-9c43498de120"},{"type":"single","resource":"nexo:e93d5d09-c82d-4525-9da4-425045ace637"},{"type":"single","resource":"nexo:20b44295-26df-4c96-9606-ae8980280d37"},{"type":"single","resource":"nexo:478d08c7-b02f-4db8-83bf-07f53bb6b62a"},{"type":"single","resource":"nexo:71bd2205-08c0-492b-b875-f72e8fb46947"},{"type":"single","resource":"nexo:a250c841-b8a3-464c-a43c-daac2bdfb980"},{"type":"single","resource":"nexo:8c30b883-2b95-4374-880c-9c26e4cfccb8"},{"type":"single","resource":"nexo:36a9f80a-474b-4c0d-858b-7206e19671bb"},{"type":"single","resource":"nexo:0ef7fbd9-12f4-4af6-a3ac-5a69bc56b6d1"},{"type":"single","resource":"nexo:bfdd1811-589f-443e-8aa7-58ab78df5566"},{"type":"single","resource":"nexo:313e3dbd-da9c-4124-ada7-6318eb5bac19"},{"type":"single","resource":"nexo:75feca36-4a0c-443a-be60-f3f5f9c4e1a2"},{"type":"single","resource":"nexo:c6a16f6c-2285-475c-b6b5-4339e9b5a176"},{"type":"single","resource":"nexo:b099063a-20ad-41b5-86f9-405ca49e098b"},{"type":"single","resource":"item/paper"},{"type":"single","resource":"item/trident"},{"type":"single","resource":"hats2:ea5d2021-1582-4745-9f51-0e6ff7adf51d"},{"type":"single","resource":"item/wolf_armor"},{"type":"single","resource":"2d3b3419-c777-403b-9bb3-6352a476398c"},{"type":"single","resource":"9eadfdc7-7cce-4614-990a-01d41b925b0c"},{"type":"single","resource":"f2486878-63d4-4252-be47-eef6d0d20917"},{"type":"single","resource":"ed5a8544-131f-4964-99d1-09ae4d9de5b3"},{"type":"single","resource":"c22f53a9-b25b-4ea5-a967-03183a2e46a8"},{"type":"single","resource":"7bdfd81f-d042-43a9-85dc-43897ab34f78"}]}